Datasheet,Image,DK Part #,Mfr Part #,Mfr,Supplier,Description,Stock,Price,@ qty,Min Qty, Package,Series,Product Status,Capacitance,Tolerance,Voltage - Rated,ESR (Equivalent Series Resistance),Lifetime @ Temp.,Operating Temperature,Polarization,Ratings,Applications,Pin Qty,Pin Size,Lead Spacing,Size / Dimension,Height - Seated (Max),Surface Mount Land Size,Mounting Type,Package / Case
https://www.nichicon.co.jp/english/series_items/catalog_pdf/e-ues.pdf,//mm.digikey.com/Volume0/opasdata/d220001/medias/images/535/Muse-ES-SERIES-8mm.jpg,"493-10848-1-ND,493-10848-3-ND",UES1V220MPM1TD,Nichicon,Nichicon,CAP ALUM 22UF 20% 35V RADIAL TH,"5,086",0.5,0,1,"Cut Tape (CT),Tape & Box (TB)",UES,Active,22 µF,±20%,35 V,-,1000 Hrs @ 85°C,-40°C ~ 85°C,Bi-Polar,-,Audio,2,0.6,"0.138"" (3.50mm)","0.315"" Dia (8.00mm)","0.512"" (13.00mm)",-,Through Hole,"Radial, Can"
https://www.nichicon.co.jp/english/series_items/catalog_pdf/e-ues.pdf,//mm.digikey.com/Volume0/opasdata/d220001/medias/images/535/Muse-ES-SERIES-8mm.jpg,493-16297-ND,UES0J101MPM,Nichicon,Nichicon,CAP ALUM 100UF 20% 6.3V RADIAL,"1,980",0.61,0,1,Bulk,UES,Active,100 µF,±20%,6.3 V,-,1000 Hrs @ 85°C,-40°C ~ 85°C,Bi-Polar,-,Audio,2,0.6,"0.138"" (3.50mm)","0.315"" Dia (8.00mm)","0.512"" (13.00mm)",-,Through Hole,"Radial, Can"
https://www.nichicon.co.jp/english/series_items/catalog_pdf/e-ues.pdf,//mm.digikey.com/Volume0/opasdata/d220001/medias/images/535/Muse-ES-SERIES-8mm.jpg,493-15044-ND,UES1V220MPM,Nichicon,Nichicon,CAP ALUM 22UF 20% 35V RADIAL TH,"1,001",0.71,0,1,Bulk,UES,Active,22 µF,±20%,35 V,-,1000 Hrs @ 85°C,-40°C ~ 85°C,Bi-Polar,-,Audio,2,0.6,"0.138"" (3.50mm)","0.315"" Dia (8.00mm)","0.512"" (13.00mm)",-,Through Hole,"Radial, Can"
https://www.nichicon.co.jp/english/series_items/catalog_pdf/e-ues.pdf,//mm.digikey.com/Volume0/opasdata/d220001/medias/images/535/Muse-ES-SERIES-8mm.jpg,493-15027-ND,UES1E330MPM,Nichicon,Nichicon,CAP ALUM 33UF 20% 25V RADIAL TH,"1,782",0.73,0,1,Bulk,UES,Active,33 µF,±20%,25 V,-,1000 Hrs @ 85°C,-40°C ~ 85°C,Bi-Polar,-,Audio,2,0.6,"0.138"" (3.50mm)","0.315"" Dia (8.00mm)","0.512"" (13.00mm)",-,Through Hole,"Radial, Can"
https://www.nichicon.co.jp/english/series_items/catalog_pdf/e-ues.pdf,//mm.digikey.com/Volume0/opasdata/d220001/medias/images/535/Muse-ES-SERIES-8mm.jpg,"UES1C470MPM1TA-ND,493-UES1C470MPM1TACT-ND",UES1C470MPM1TA,Nichicon,Nichicon,CAP ALUM 47UF 20% 16V RADIAL TH,252,0.61,0,1,"Tape & Reel (TR),Cut Tape (CT)",UES,Active,47 µF,±20%,16 V,-,1000 Hrs @ 85°C,-40°C ~ 85°C,Bi-Polar,-,Audio,2,0.6,"0.138"" (3.50mm)","0.315"" Dia (8.00mm)","0.492"" (12.50mm)",-,Through Hole,"Radial, Can"
https://www.nichicon.co.jp/english/series_items/catalog_pdf/e-ues.pdf,//mm.digikey.com/Volume0/opasdata/d220001/medias/images/535/Muse-ES-SERIES-8mm.jpg,"UES1H100MPM1TA-ND,493-UES1H100MPM1TACT-ND",UES1H100MPM1TA,Nichicon,Nichicon,CAP ALUM 10UF 20% 50V RADIAL TH,691,0.62,0,1,"Tape & Reel (TR),Cut Tape (CT)",UES,Active,10 µF,±20%,50 V,-,1000 Hrs @ 85°C,-40°C ~ 85°C,Bi-Polar,-,Audio,2,0.6,"0.138"" (3.50mm)","0.315"" Dia (8.00mm)","0.492"" (12.50mm)",-,Through Hole,"Radial, Can"
https://www.nichicon.co.jp/english/series_items/catalog_pdf/e-ues.pdf,//mm.digikey.com/Volume0/opasdata/d220001/medias/images/535/Muse-ES-SERIES-8mm.jpg,"493-10835-1-ND,493-10835-3-ND",UES1H100MPM1TD,Nichicon,Nichicon,CAP ALUM 10UF 20% 50V RADIAL TH,887,0.64,0,1,"Cut Tape (CT),Tape & Box (TB)",UES,Active,10 µF,±20%,50 V,-,1000 Hrs @ 85°C,-40°C ~ 85°C,Bi-Polar,-,Audio,2,0.6,"0.138"" (3.50mm)","0.315"" Dia (8.00mm)","0.512"" (13.00mm)",-,Through Hole,"Radial, Can"
https://www.nichicon.co.jp/english/series_items/catalog_pdf/e-ues.pdf,//mm.digikey.com/Volume0/opasdata/d220001/medias/images/535/Muse-ES-SERIES-8mm.jpg,493-15022-ND,UES1C470MPM,Nichicon,Nichicon,CAP ALUM 47UF 20% 16V RADIAL TH,119,0.64,0,1,Bulk,UES,Active,47 µF,±20%,16 V,-,1000 Hrs @ 85°C,-40°C ~ 85°C,Bi-Polar,-,Audio,2,0.6,"0.138"" (3.50mm)","0.315"" Dia (8.00mm)","0.512"" (13.00mm)",-,Through Hole,"Radial, Can"
https://www.nichicon.co.jp/english/series_items/catalog_pdf/e-ues.pdf,//mm.digikey.com/Volume0/opasdata/d220001/medias/images/535/Muse-ES-SERIES-8mm.jpg,"493-10800-1-ND,493-10800-3-ND",UES0J101MPM1TD,Nichicon,Nichicon,CAP ALUM 100UF 20% 6.3V RADIAL,"1,843",0.66,0,1,"Cut Tape (CT),Tape & Box (TB)",UES,Active,100 µF,±20%,6.3 V,-,1000 Hrs @ 85°C,-40°C ~ 85°C,Bi-Polar,-,Audio,2,0.6,"0.138"" (3.50mm)","0.315"" Dia (8.00mm)","0.492"" (12.50mm)",-,Through Hole,"Radial, Can"
https://www.nichicon.co.jp/english/series_items/catalog_pdf/e-ues.pdf,//mm.digikey.com/Volume0/opasdata/d220001/medias/images/535/Muse-ES-SERIES-8mm.jpg,"493-10822-1-ND,493-10822-3-ND",UES1C470MPM1TD,Nichicon,Nichicon,CAP ALUM 47UF 20% 16V RADIAL TH,"1,856",0.69,0,1,"Cut Tape (CT),Tape & Box (TB)",UES,Active,47 µF,±20%,16 V,-,1000 Hrs @ 85°C,-40°C ~ 85°C,Bi-Polar,-,Audio,2,0.6,"0.138"" (3.50mm)","0.315"" Dia (8.00mm)","0.512"" (13.00mm)",-,Through Hole,"Radial, Can"
https://www.nichicon.co.jp/english/series_items/catalog_pdf/e-ues.pdf,//mm.digikey.com/Volume0/opasdata/d220001/medias/images/535/Muse-ES-SERIES-8mm.jpg,"UES0J101MPM1TA-ND,493-UES0J101MPM1TACT-ND",UES0J101MPM1TA,Nichicon,Nichicon,CAP ALUM 100UF 20% 6.3V RADIAL,972,0.66,0,1,"Tape & Reel (TR),Cut Tape (CT)",UES,Active,100 µF,±20%,6.3 V,-,1000 Hrs @ 85°C,-40°C ~ 85°C,Bi-Polar,-,Audio,2,0.6,"0.138"" (3.50mm)","0.315"" Dia (8.00mm)","0.492"" (12.50mm)",-,Through Hole,"Radial, Can"
https://www.nichicon.co.jp/english/series_items/catalog_pdf/e-ues.pdf,//mm.digikey.com/Volume0/opasdata/d220001/medias/images/535/Muse-ES-SERIES-8mm.jpg,"UES1V220MPM1TA-ND,493-UES1V220MPM1TACT-ND",UES1V220MPM1TA,Nichicon,Nichicon,CAP ALUM 22UF 20% 35V RADIAL TH,869,0.71,0,1,"Tape & Reel (TR),Cut Tape (CT)",UES,Active,22 µF,±20%,35 V,-,1000 Hrs @ 85°C,-40°C ~ 85°C,Bi-Polar,-,Audio,2,0.6,"0.138"" (3.50mm)","0.315"" Dia (8.00mm)","0.492"" (12.50mm)",-,Through Hole,"Radial, Can"
https://www.nichicon.co.jp/english/series_items/catalog_pdf/e-ues.pdf,//mm.digikey.com/Volume0/opasdata/d220001/medias/images/535/Muse-ES-SERIES-8mm.jpg,"UES1E330MPM1TA-ND,493-UES1E330MPM1TACT-ND",UES1E330MPM1TA,Nichicon,Nichicon,CAP ALUM 33UF 20% 25V RADIAL TH,846,0.71,0,1,"Tape & Reel (TR),Cut Tape (CT)",UES,Active,33 µF,±20%,25 V,-,1000 Hrs @ 85°C,-40°C ~ 85°C,Bi-Polar,-,Audio,2,0.6,"0.138"" (3.50mm)","0.315"" Dia (8.00mm)","0.492"" (12.50mm)",-,Through Hole,"Radial, Can"
https://www.nichicon.co.jp/english/series_items/catalog_pdf/e-ues.pdf,//mm.digikey.com/Volume0/opasdata/d220001/medias/images/535/Muse-ES-SERIES-8mm.jpg,493-15033-ND,UES1H100MPM,Nichicon,Nichicon,CAP ALUM 10UF 20% 50V RADIAL TH,0,0.69,0,1,Bulk,UES,Active,10 µF,±20%,50 V,-,1000 Hrs @ 85°C,-40°C ~ 85°C,Bi-Polar,-,Audio,2,0.6,"0.138"" (3.50mm)","0.315"" Dia (8.00mm)","0.512"" (13.00mm)",-,Through Hole,"Radial, Can"
https://www.nichicon.co.jp/english/series_items/catalog_pdf/e-ues.pdf,//mm.digikey.com/Volume0/opasdata/d220001/medias/images/535/Muse-ES-SERIES-10mm.jpg,"493-10802-1-ND,493-10802-3-ND",UES0J221MPM1TD,Nichicon,Nichicon,CAP ALUM 220UF 20% 6.3V RADIAL,"2,240",0.47,0,1,"Cut Tape (CT),Tape & Box (TB)",UES,Active,220 µF,±20%,6.3 V,-,1000 Hrs @ 85°C,-40°C ~ 85°C,Bi-Polar,-,Audio,2,0.6,"0.197"" (5.00mm)","0.394"" Dia (10.00mm)","0.551"" (14.00mm)",-,Through Hole,"Radial, Can"
https://www.nichicon.co.jp/english/series_items/catalog_pdf/e-ues.pdf,//mm.digikey.com/Volume0/opasdata/d220001/medias/images/535/Muse-ES-SERIES-10mm.jpg,493-15035-ND,UES1H220MPM,Nichicon,Nichicon,CAP ALUM 22UF 20% 50V RADIAL TH,"2,545",0.67,0,1,Bulk,UES,Active,22 µF,±20%,50 V,-,1000 Hrs @ 85°C,-40°C ~ 85°C,Bi-Polar,-,Audio,2,0.6,"0.197"" (5.00mm)","0.394"" Dia (10.00mm)","0.551"" (14.00mm)",-,Through Hole,"Radial, Can"
https://www.nichicon.co.jp/english/series_items/catalog_pdf/e-ues.pdf,//mm.digikey.com/Volume0/opasdata/d220001/medias/images/535/Muse-ES-SERIES-10mm.jpg,"493-10850-1-ND,493-10850-3-ND",UES1V330MPM1TD,Nichicon,Nichicon,CAP ALUM 33UF 20% 35V RADIAL TH,"2,137",0.67,0,1,"Cut Tape (CT),Tape & Box (TB)",UES,Active,33 µF,±20%,35 V,-,1000 Hrs @ 85°C,-40°C ~ 85°C,Bi-Polar,-,Audio,2,0.6,"0.197"" (5.00mm)","0.394"" Dia (10.00mm)","0.551"" (14.00mm)",-,Through Hole,"Radial, Can"
https://www.nichicon.co.jp/english/series_items/catalog_pdf/e-ues.pdf,//mm.digikey.com/Volume0/opasdata/d220001/medias/images/535/Muse-ES-SERIES-10mm.jpg,493-15007-ND,UES0J221MPM,Nichicon,Nichicon,CAP ALUM 220UF 20% 6.3V RADIAL,"1,238",0.67,0,1,Bulk,UES,Active,220 µF,±20%,6.3 V,-,1000 Hrs @ 85°C,-40°C ~ 85°C,Bi-Polar,-,Audio,2,0.6,"0.197"" (5.00mm)","0.394"" Dia (10.00mm)","0.551"" (14.00mm)",-,Through Hole,"Radial, Can"
https://www.nichicon.co.jp/english/series_items/catalog_pdf/e-ues.pdf,//mm.digikey.com/Volume0/opasdata/d220001/medias/images/535/Muse-ES-SERIES-10mm.jpg,493-15017-ND,UES1C101MPM,Nichicon,Nichicon,CAP ALUM 100UF 20% 16V RADIAL TH,"7,242",0.69,0,1,Bulk,UES,Active,100 µF,±20%,16 V,-,1000 Hrs @ 85°C,-40°C ~ 85°C,Bi-Polar,-,Audio,2,0.6,"0.197"" (5.00mm)","0.394"" Dia (10.00mm)","0.551"" (14.00mm)",-,Through Hole,"Radial, Can"
https://www.nichicon.co.jp/english/series_items/catalog_pdf/e-ues.pdf,//mm.digikey.com/Volume0/opasdata/d220001/medias/images/535/Muse-ES-SERIES-10mm.jpg,493-15029-ND,UES1E470MPM,Nichicon,Nichicon,CAP ALUM 47UF 20% 25V RADIAL TH,"2,532",0.69,0,1,Bulk,UES,Active,47 µF,±20%,25 V,-,1000 Hrs @ 85°C,-40°C ~ 85°C,Bi-Polar,-,Audio,2,0.6,"0.197"" (5.00mm)","0.394"" Dia (10.00mm)","0.551"" (14.00mm)",-,Through Hole,"Radial, Can"
https://www.nichicon.co.jp/english/series_items/catalog_pdf/e-ues.pdf,//mm.digikey.com/Volume0/opasdata/d220001/medias/images/535/Muse-ES-SERIES-10mm.jpg,"493-10829-1-ND,493-10829-3-ND",UES1E330MPM1TD,Nichicon,Nichicon,CAP ALUM 33UF 20% 25V RADIAL TH,"1,288",0.73,0,1,"Cut Tape (CT),Tape & Box (TB)",UES,Active,33 µF,±20%,25 V,-,1000 Hrs @ 85°C,-40°C ~ 85°C,Bi-Polar,-,Audio,2,0.6,"0.197"" (5.00mm)","0.394"" Dia (10.00mm)","0.512"" (13.00mm)",-,Through Hole,"Radial, Can"
https://www.nichicon.co.jp/english/series_items/catalog_pdf/e-ues.pdf,//mm.digikey.com/Volume0/opasdata/d220001/medias/images/535/Muse-ES-SERIES-10mm.jpg,493-15047-ND,UES1V470MPM,Nichicon,Nichicon,CAP ALUM 47UF 20% 35V RADIAL TH,"1,705",0.77,0,1,Bulk,UES,Active,47 µF,±20%,35 V,-,1000 Hrs @ 85°C,-40°C ~ 85°C,Bi-Polar,-,Audio,2,0.6,"0.197"" (5.00mm)","0.394"" Dia (10.00mm)","0.551"" (14.00mm)",-,Through Hole,"Radial, Can"
https://www.nichicon.co.jp/english/series_items/catalog_pdf/e-ues.pdf,//mm.digikey.com/Volume0/opasdata/d220001/medias/images/535/Muse-ES-SERIES-17.5mm.jpg,"493-10840-1-ND,493-10840-3-ND",UES1H330MPM1TD,Nichicon,Nichicon,CAP ALUM 33UF 20% 50V RADIAL TH,"2,412",0.78,0,1,"Cut Tape (CT),Tape & Box (TB)",UES,Active,33 µF,±20%,50 V,-,1000 Hrs @ 85°C,-40°C ~ 85°C,Bi-Polar,-,Audio,2,0.6,"0.197"" (5.00mm)","0.394"" Dia (10.00mm)","0.689"" (17.50mm)",-,Through Hole,"Radial, Can"
https://www.nichicon.co.jp/english/series_items/catalog_pdf/e-ues.pdf,//mm.digikey.com/Volume0/opasdata/d220001/medias/images/535/Muse-ES-SERIES-17.5mm.jpg,493-15038-ND,UES1H330MPM,Nichicon,Nichicon,CAP ALUM 33UF 20% 50V RADIAL TH,"2,381",0.78,0,1,Bulk,UES,Active,33 µF,±20%,50 V,-,1000 Hrs @ 85°C,-40°C ~ 85°C,Bi-Polar,-,Audio,2,0.6,"0.197"" (5.00mm)","0.394"" Dia (10.00mm)","0.689"" (17.50mm)",-,Through Hole,"Radial, Can"
https://www.nichicon.co.jp/english/series_items/catalog_pdf/e-ues.pdf,//mm.digikey.com/Volume0/opasdata/d220001/medias/images/535/Muse-ES-SERIES-17.5mm.jpg,493-15025-ND,UES1E101MPM,Nichicon,Nichicon,CAP ALUM 100UF 20% 25V RADIAL TH,"5,870",0.79,0,1,Bulk,UES,Active,100 µF,±20%,25 V,-,1000 Hrs @ 85°C,-40°C ~ 85°C,Bi-Polar,-,Audio,2,0.6,"0.197"" (5.00mm)","0.394"" Dia (10.00mm)","0.689"" (17.50mm)",-,Through Hole,"Radial, Can"
https://www.nichicon.co.jp/english/series_items/catalog_pdf/e-ues.pdf,//mm.digikey.com/Volume0/opasdata/d220001/medias/images/535/Muse-ES-SERIES-5mm.jpg,"493-10825-1-ND,493-10825-3-ND",UES1E101MPM1TD,Nichicon,Nichicon,CAP ALUM 100UF 20% 25V RADIAL TH,"3,477",0.79,0,1,"Cut Tape (CT),Tape & Box (TB)",UES,Active,100 µF,±20%,25 V,-,1000 Hrs @ 85°C,-40°C ~ 85°C,Bi-Polar,-,Audio,2,0.6,"0.197"" (5.00mm)","0.394"" Dia (10.00mm)","0.689"" (17.50mm)",-,Through Hole,"Radial, Can"
https://www.nichicon.co.jp/english/series_items/catalog_pdf/e-ues.pdf,//mm.digikey.com/Volume0/opasdata/d220001/medias/images/535/Muse-ES-SERIES-10mm.jpg,"493-10837-1-ND,493-10837-3-ND",UES1H220MPM1TD,Nichicon,Nichicon,CAP ALUM 22UF 20% 50V RADIAL TH,"1,816",0.83,0,1,"Cut Tape (CT),Tape & Box (TB)",UES,Active,22 µF,±20%,50 V,-,1000 Hrs @ 85°C,-40°C ~ 85°C,Bi-Polar,-,Audio,2,0.6,"0.197"" (5.00mm)","0.394"" Dia (10.00mm)","0.551"" (14.00mm)",-,Through Hole,"Radial, Can"
https://www.nichicon.co.jp/english/series_items/catalog_pdf/e-ues.pdf,//mm.digikey.com/Volume0/opasdata/d220001/medias/images/535/Muse-ES-SERIES-21.5mm.jpg,493-15009-ND,UES0J471MPM,Nichicon,Nichicon,CAP ALUM 470UF 20% 6.3V RADIAL,"1,024",1.01,0,1,Bulk,UES,Active,470 µF,±20%,6.3 V,-,1000 Hrs @ 85°C,-40°C ~ 85°C,Bi-Polar,-,Audio,2,0.6,"0.197"" (5.00mm)","0.394"" Dia (10.00mm)","0.846"" (21.50mm)",-,Through Hole,"Radial, Can"
https://www.nichicon.co.jp/english/series_items/catalog_pdf/e-ues.pdf,//mm.digikey.com/Volume0/opasdata/d220001/medias/images/535/Muse-ES-SERIES-21.5mm.jpg,493-15020-ND,UES1C221MPM,Nichicon,Nichicon,CAP ALUM 220UF 20% 16V RADIAL TH,548,1.01,0,1,Bulk,UES,Active,220 µF,±20%,16 V,-,1000 Hrs @ 85°C,-40°C ~ 85°C,Bi-Polar,-,Audio,2,0.6,"0.197"" (5.00mm)","0.394"" Dia (10.00mm)","0.846"" (21.50mm)",-,Through Hole,"Radial, Can"
https://www.nichicon.co.jp/english/series_items/catalog_pdf/e-ues.pdf,//mm.digikey.com/Volume0/opasdata/d220001/medias/images/535/UES1H470MPM1TD.jpg,"493-10843-1-ND,493-10843-3-ND",UES1H470MPM1TD,Nichicon,Nichicon,CAP ALUM 47UF 20% 50V RADIAL TH,"4,970",1.03,0,1,"Cut Tape (CT),Tape & Box (TB)",UES,Active,47 µF,±20%,50 V,-,1000 Hrs @ 85°C,-40°C ~ 85°C,Bi-Polar,-,Audio,2,0.6,"0.197"" (5.00mm)","0.394"" Dia (10.00mm)","0.846"" (21.50mm)",-,Through Hole,"Radial, Can"
https://www.nichicon.co.jp/english/series_items/catalog_pdf/e-ues.pdf,//mm.digikey.com/Volume0/opasdata/d220001/medias/images/535/Muse-ES-SERIES-21.5mm.jpg,493-15040-ND,UES1H470MPM,Nichicon,Nichicon,CAP ALUM 47UF 20% 50V RADIAL TH,828,1.03,0,1,Bulk,UES,Active,47 µF,±20%,50 V,-,1000 Hrs @ 85°C,-40°C ~ 85°C,Bi-Polar,-,Audio,2,0.6,"0.197"" (5.00mm)","0.394"" Dia (10.00mm)","0.846"" (21.50mm)",-,Through Hole,"Radial, Can"
https://www.nichicon.co.jp/english/series_items/catalog_pdf/e-ues.pdf,//mm.digikey.com/Volume0/opasdata/d220001/medias/images/535/Muse-ES-SERIES-21.5mm.jpg,493-15043-ND,UES1V101MPM,Nichicon,Nichicon,CAP ALUM 100UF 20% 35V RADIAL TH,734,1.22,0,1,Bulk,UES,Active,100 µF,±20%,35 V,-,1000 Hrs @ 85°C,-40°C ~ 85°C,Bi-Polar,-,Audio,2,0.6,"0.197"" (5.00mm)","0.394"" Dia (10.00mm)","0.846"" (21.50mm)",-,Through Hole,"Radial, Can"
https://www.nichicon.co.jp/english/series_items/catalog_pdf/e-ues.pdf,//mm.digikey.com/Volume0/opasdata/d220001/medias/images/535/Muse-ES-SERIES-21.5mm.jpg,"493-10819-1-ND,493-10819-3-ND",UES1C221MPM1TD,Nichicon,Nichicon,CAP ALUM 220UF 20% 16V RADIAL TH,734,1.23,0,1,"Cut Tape (CT),Tape & Box (TB)",UES,Active,220 µF,±20%,16 V,-,1000 Hrs @ 85°C,-40°C ~ 85°C,Bi-Polar,-,Audio,2,0.6,"0.197"" (5.00mm)","0.394"" Dia (10.00mm)","0.846"" (21.50mm)",-,Through Hole,"Radial, Can"
https://www.nichicon.co.jp/english/series_items/catalog_pdf/e-ues.pdf,//mm.digikey.com/Volume0/opasdata/d220001/medias/images/535/Muse-ES-SERIES-10mm.jpg,493-15046-ND,UES1V330MPM,Nichicon,Nichicon,CAP ALUM 33UF 20% 35V RADIAL TH,585,0.47,0,1,Bulk,UES,Active,33 µF,±20%,35 V,-,1000 Hrs @ 85°C,-40°C ~ 85°C,Bi-Polar,-,Audio,2,0.6,"0.197"" (5.00mm)","0.394"" Dia (10.00mm)","0.551"" (14.00mm)",-,Through Hole,"Radial, Can"
https://www.nichicon.co.jp/english/series_items/catalog_pdf/e-ues.pdf,//mm.digikey.com/Volume0/opasdata/d220001/medias/images/535/Muse-ES-SERIES-10mm.jpg,"493-10816-1-ND,493-10816-3-ND",UES1C101MPM1TD,Nichicon,Nichicon,CAP ALUM 100UF 20% 16V RADIAL TH,"1,815",0.69,0,1,"Cut Tape (CT),Tape & Box (TB)",UES,Active,100 µF,±20%,16 V,-,1000 Hrs @ 85°C,-40°C ~ 85°C,Bi-Polar,-,Audio,2,0.6,"0.197"" (5.00mm)","0.394"" Dia (10.00mm)","0.551"" (14.00mm)",-,Through Hole,"Radial, Can"
https://www.nichicon.co.jp/english/series_items/catalog_pdf/e-ues.pdf,//mm.digikey.com/Volume0/opasdata/d220001/medias/images/535/Muse-ES-SERIES-10mm.jpg,"493-10831-1-ND,493-10831-3-ND",UES1E470MPM1TD,Nichicon,Nichicon,CAP ALUM 47UF 20% 25V RADIAL TH,"1,103",0.69,0,1,"Cut Tape (CT),Tape & Box (TB)",UES,Active,47 µF,±20%,25 V,-,1000 Hrs @ 85°C,-40°C ~ 85°C,Bi-Polar,-,Audio,2,0.6,"0.197"" (5.00mm)","0.394"" Dia (10.00mm)","0.551"" (14.00mm)",-,Through Hole,"Radial, Can"
https://www.nichicon.co.jp/english/series_items/catalog_pdf/e-ues.pdf,//mm.digikey.com/Volume0/opasdata/d220001/medias/images/535/Muse-ES-SERIES-17.5mm.jpg,493-16752-ND,UES0J331MPM,Nichicon,Nichicon,CAP ALUM 330UF 20% 6.3V RADIAL,661,0.77,0,1,Bulk,UES,Active,330 µF,±20%,6.3 V,-,1000 Hrs @ 85°C,-40°C ~ 85°C,Bi-Polar,-,Audio,2,0.6,"0.197"" (5.00mm)","0.394"" Dia (10.00mm)","0.689"" (17.50mm)",-,Through Hole,"Radial, Can"
https://www.nichicon.co.jp/english/series_items/catalog_pdf/e-ues.pdf,//mm.digikey.com/Volume0/opasdata/d220001/medias/images/535/Muse-ES-SERIES-10mm.jpg,"493-10852-1-ND,493-10852-3-ND",UES1V470MPM1TD,Nichicon,Nichicon,CAP ALUM 47UF 20% 35V RADIAL TH,"1,282",0.77,0,1,"Cut Tape (CT),Tape & Box (TB)",UES,Active,47 µF,±20%,35 V,-,1000 Hrs @ 85°C,-40°C ~ 85°C,Bi-Polar,-,Audio,2,0.6,"0.197"" (5.00mm)","0.394"" Dia (10.00mm)","0.551"" (14.00mm)",-,Through Hole,"Radial, Can"
https://www.nichicon.co.jp/english/series_items/catalog_pdf/e-ues.pdf,//mm.digikey.com/Volume0/opasdata/d220001/medias/images/535/Muse-ES-SERIES-17.5mm.jpg,"493-10804-1-ND,493-10804-3-ND",UES0J331MPM1TD,Nichicon,Nichicon,CAP ALUM 330UF 20% 6.3V RADIAL,980,0.77,0,1,"Cut Tape (CT),Tape & Box (TB)",UES,Active,330 µF,±20%,6.3 V,-,1000 Hrs @ 85°C,-40°C ~ 85°C,Bi-Polar,-,Audio,2,0.6,"0.197"" (5.00mm)","0.394"" Dia (10.00mm)","0.689"" (17.50mm)",-,Through Hole,"Radial, Can"
https://www.nichicon.co.jp/english/series_items/catalog_pdf/e-ues.pdf,//mm.digikey.com/Volume0/opasdata/d220001/medias/images/535/Muse-ES-SERIES-21.5mm.jpg,"493-10847-1-ND,493-10847-3-ND",UES1V101MPM1TD,Nichicon,Nichicon,CAP ALUM 100UF 20% 35V RADIAL TH,0,1.01,0,1,"Cut Tape (CT),Tape & Box (TB)",UES,Active,100 µF,±20%,35 V,-,1000 Hrs @ 85°C,-40°C ~ 85°C,Bi-Polar,-,Audio,2,0.6,"0.197"" (5.00mm)","0.394"" Dia (10.00mm)","0.846"" (21.50mm)",-,Through Hole,"Radial, Can"
-,-,UES1H220MPM1CA-ND,UES1H220MPM1CA,Nichicon,Nichicon,CAP ALUM 50V BIPOLAR,0,0.24004,0,800,Cut Tape (CT),UES,Active,22 µF,±20%,50 V,-,1000 Hrs @ 85°C,-40°C ~ 85°C,Bi-Polar,-,Audio,2,0.6,"0.197"" (5.00mm)","0.394"" Dia (10.00mm)","0.551"" (14.00mm)",-,Through Hole,"Radial, Can"
https://www.nichicon.co.jp/english/series_items/catalog_pdf/e-ues.pdf,//mm.digikey.com/Volume0/opasdata/d220001/medias/images/535/Muse-ES-SERIES-21.5mm.jpg,493-10806-1-ND,UES0J471MPM1TO,Nichicon,Nichicon,CAP ALUM 470UF 20% 6.3V RADIAL,0,Active,0,1,Cut Tape (CT),UES,Active,470 µF,±20%,6.3 V,-,1000 Hrs @ 85°C,-40°C ~ 85°C,Bi-Polar,-,Audio,2,0.6,"0.197"" (5.00mm)","0.394"" Dia (10.00mm)","0.846"" (21.50mm)",-,Through Hole,"Radial, Can"
https://www.nichicon.co.jp/english/series_items/catalog_pdf/e-ues.pdf,//mm.digikey.com/Volume0/opasdata/d220001/medias/images/535/Muse-ES-SERIES-21.5mm.jpg,UES0J471MHM-ND,UES0J471MHM,Nichicon,Nichicon,CAP ALUM 470UF 20% 6.3V RADIAL,0,Active,0,0,Bulk,UES,Active,470 µF,±20%,6.3 V,-,1000 Hrs @ 85°C,-40°C ~ 85°C,Bi-Polar,-,Audio,2,0.6,"0.197"" (5.00mm)","0.394"" Dia (10.00mm)","0.846"" (21.50mm)",-,Through Hole,"Radial, Can"
https://www.nichicon.co.jp/english/series_items/catalog_pdf/e-ues.pdf,//mm.digikey.com/Volume0/opasdata/d220001/medias/images/535/Muse-ES-SERIES-26.5mm.jpg,493-15026-ND,UES1E221MHM,Nichicon,Nichicon,CAP ALUM 220UF 20% 25V RADIAL TH,"1,352",1.03,0,1,Bulk,UES,Active,220 µF,±20%,25 V,-,1000 Hrs @ 85°C,-40°C ~ 85°C,Bi-Polar,-,Audio,2,0.8,"0.197"" (5.00mm)","0.492"" Dia (12.50mm)","1.043"" (26.50mm)",-,Through Hole,"Radial, Can"
https://www.nichicon.co.jp/english/series_items/catalog_pdf/e-ues.pdf,//mm.digikey.com/Volume0/opasdata/d220001/medias/images/535/Muse-ES-SERIES-26.5mm.jpg,493-15006-ND,UES0J102MHM,Nichicon,Nichicon,CAP ALUM 1000UF 20% 6.3V RADIAL,579,1.03,0,1,Bulk,UES,Active,1000 µF,±20%,6.3 V,-,1000 Hrs @ 85°C,-40°C ~ 85°C,Bi-Polar,-,Audio,2,0.8,"0.197"" (5.00mm)","0.492"" Dia (12.50mm)","1.043"" (26.50mm)",-,Through Hole,"Radial, Can"
https://www.nichicon.co.jp/english/series_items/catalog_pdf/e-ues.pdf,//mm.digikey.com/Volume0/opasdata/d220001/medias/images/535/Muse-ES-SERIES-26.5mm.jpg,"493-10823-1-ND,493-10823-3-ND",UES1C471MHM1TO,Nichicon,Nichicon,CAP ALUM 470UF 20% 16V RADIAL TH,772,1.05,0,1,"Cut Tape (CT),Tape & Box (TB)",UES,Active,470 µF,±20%,16 V,-,1000 Hrs @ 85°C,-40°C ~ 85°C,Bi-Polar,-,Audio,2,0.8,"0.197"" (5.00mm)","0.492"" Dia (12.50mm)","1.043"" (26.50mm)",-,Through Hole,"Radial, Can"
https://www.nichicon.co.jp/english/series_items/catalog_pdf/e-ues.pdf,//mm.digikey.com/Volume0/opasdata/d220001/medias/images/535/Muse-ES-SERIES-26.5mm.jpg,493-15023-ND,UES1C471MHM,Nichicon,Nichicon,CAP ALUM 470UF 20% 16V RADIAL TH,104,1.05,0,1,Bulk,UES,Active,470 µF,±20%,16 V,-,1000 Hrs @ 85°C,-40°C ~ 85°C,Bi-Polar,-,Audio,2,0.8,"0.197"" (5.00mm)","0.492"" Dia (12.50mm)","1.043"" (26.50mm)",-,Through Hole,"Radial, Can"
https://www.nichicon.co.jp/english/series_items/catalog_pdf/e-ues.pdf,//mm.digikey.com/Volume0/opasdata/d220001/medias/images/535/Muse-ES-SERIES-26.5mm.jpg,493-15028-ND,UES1E331MHM,Nichicon,Nichicon,CAP ALUM 330UF 20% 25V RADIAL TH,226,1.25,0,1,Bulk,UES,Active,330 µF,±20%,25 V,-,1000 Hrs @ 85°C,-40°C ~ 85°C,Bi-Polar,-,Audio,2,0.8,"0.197"" (5.00mm)","0.492"" Dia (12.50mm)","1.043"" (26.50mm)",-,Through Hole,"Radial, Can"
https://www.nichicon.co.jp/english/series_items/catalog_pdf/e-ues.pdf,//mm.digikey.com/Volume0/opasdata/d220001/medias/images/535/Muse-ES-SERIES-26.5mm.jpg,"493-10836-1-ND,493-10836-3-ND",UES1H101MHM1TO,Nichicon,Nichicon,CAP ALUM 100UF 20% 50V RADIAL TH,461,1.31,0,1,"Cut Tape (CT),Tape & Box (TB)",UES,Active,100 µF,±20%,50 V,-,1000 Hrs @ 85°C,-40°C ~ 85°C,Bi-Polar,-,Audio,2,0.8,"0.197"" (5.00mm)","0.492"" Dia (12.50mm)","1.043"" (26.50mm)",-,Through Hole,"Radial, Can"
https://www.nichicon.co.jp/english/series_items/catalog_pdf/e-ues.pdf,//mm.digikey.com/Volume0/opasdata/d220001/medias/images/535/Muse-ES-SERIES-26.5mm.jpg,493-15045-ND,UES1V221MHM,Nichicon,Nichicon,CAP ALUM 220UF 20% 35V RADIAL TH,784,1.32,0,1,Bulk,UES,Active,220 µF,±20%,35 V,-,1000 Hrs @ 85°C,-40°C ~ 85°C,Bi-Polar,-,Audio,2,0.8,"0.197"" (5.00mm)","0.492"" Dia (12.50mm)","1.043"" (26.50mm)",-,Through Hole,"Radial, Can"
https://www.nichicon.co.jp/english/series_items/catalog_pdf/e-ues.pdf,//mm.digikey.com/Volume0/opasdata/d220001/medias/images/535/Muse-ES-SERIES-12.5mm.jpg,"493-10821-1-ND,493-10821-3-ND",UES1C331MHM1TO,Nichicon,Nichicon,CAP ALUM 330UF 20% 16V RADIAL TH,"1,771",1.01,0,1,"Cut Tape (CT),Tape & Box (TB)",UES,Active,330 µF,±20%,16 V,-,1000 Hrs @ 85°C,-40°C ~ 85°C,Bi-Polar,-,Audio,2,0.8,"0.197"" (5.00mm)","0.492"" Dia (12.50mm)","0.846"" (21.50mm)",-,Through Hole,"Radial, Can"
https://www.nichicon.co.jp/english/series_items/catalog_pdf/e-ues.pdf,//mm.digikey.com/Volume0/opasdata/d220001/medias/images/535/Muse-ES-SERIES-12.5mm.jpg,493-16754-ND,UES1C331MHM,Nichicon,Nichicon,CAP ALUM 330UF 20% 16V RADIAL TH,995,1.01,0,1,Bulk,UES,Active,330 µF,±20%,16 V,-,1000 Hrs @ 85°C,-40°C ~ 85°C,Bi-Polar,-,Audio,2,0.8,"0.197"" (5.00mm)","0.492"" Dia (12.50mm)","0.846"" (21.50mm)",-,Through Hole,"Radial, Can"
https://www.nichicon.co.jp/english/series_items/catalog_pdf/e-ues.pdf,//mm.digikey.com/Volume0/opasdata/d220001/medias/images/535/Muse-ES-SERIES-26.5mm.jpg,"493-10830-1-ND,493-10830-3-ND",UES1E331MHM1TO,Nichicon,Nichicon,CAP ALUM 330UF 20% 25V RADIAL TH,154,1.25,0,1,"Cut Tape (CT),Tape & Box (TB)",UES,Active,330 µF,±20%,25 V,-,1000 Hrs @ 85°C,-40°C ~ 85°C,Bi-Polar,-,Audio,2,0.8,"0.197"" (5.00mm)","0.492"" Dia (12.50mm)","1.043"" (26.50mm)",-,Through Hole,"Radial, Can"
https://www.nichicon.co.jp/english/series_items/catalog_pdf/e-ues.pdf,//mm.digikey.com/Volume0/opasdata/d220001/medias/images/535/Muse-ES-SERIES-26.5mm.jpg,"493-10849-1-ND,493-10849-3-ND",UES1V221MHM1TO,Nichicon,Nichicon,CAP ALUM 220UF 20% 35V RADIAL TH,506,1.32,0,1,"Cut Tape (CT),Tape & Box (TB)",UES,Active,220 µF,±20%,35 V,-,1000 Hrs @ 85°C,-40°C ~ 85°C,Bi-Polar,-,Audio,2,0.8,"0.197"" (5.00mm)","0.492"" Dia (12.50mm)","1.043"" (26.50mm)",-,Through Hole,"Radial, Can"
https://www.nichicon.co.jp/english/series_items/catalog_pdf/e-ues.pdf,//mm.digikey.com/Volume0/opasdata/d220001/medias/images/535/Muse-ES-SERIES-26.5mm.jpg,"493-10828-1-ND,493-10828-3-ND",UES1E221MHM1TO,Nichicon,Nichicon,CAP ALUM 220UF 20% 25V RADIAL TH,901,0.72,0,1,"Cut Tape (CT),Tape & Box (TB)",UES,Active,220 µF,±20%,25 V,-,1000 Hrs @ 85°C,-40°C ~ 85°C,Bi-Polar,-,Audio,2,0.8,"0.197"" (5.00mm)","0.492"" Dia (12.50mm)","1.043"" (26.50mm)",-,Through Hole,"Radial, Can"
https://www.nichicon.co.jp/english/series_items/catalog_pdf/e-ues.pdf,//mm.digikey.com/Volume0/opasdata/d220001/medias/images/535/Muse-ES-SERIES-26.5mm.jpg,"493-10801-1-ND,493-10801-3-ND",UES0J102MHM1TO,Nichicon,Nichicon,CAP ALUM 1000UF 20% 6.3V RADIAL,500,1.03,0,1,"Cut Tape (CT),Tape & Box (TB)",UES,Active,1000 µF,±20%,6.3 V,-,1000 Hrs @ 85°C,-40°C ~ 85°C,Bi-Polar,-,Audio,2,0.8,"0.197"" (5.00mm)","0.492"" Dia (12.50mm)","1.043"" (26.50mm)",-,Through Hole,"Radial, Can"
https://www.nichicon.co.jp/english/series_items/catalog_pdf/e-ues.pdf,//mm.digikey.com/Volume0/opasdata/d220001/medias/images/535/Muse-ES-SERIES-26.5mm.jpg,493-15034-ND,UES1H101MHM,Nichicon,Nichicon,CAP ALUM 100UF 20% 50V RADIAL TH,0,1.31,0,1,Bulk,UES,Active,100 µF,±20%,50 V,-,1000 Hrs @ 85°C,-40°C ~ 85°C,Bi-Polar,-,Audio,2,0.8,"0.197"" (5.00mm)","0.492"" Dia (12.50mm)","1.043"" (26.50mm)",-,Through Hole,"Radial, Can"
https://www.nichicon.co.jp/english/series_items/catalog_pdf/e-ues.pdf,//mm.digikey.com/Volume0/opasdata/d220001/medias/images/407/Muse-ES-SERIES-16mm.jpg,493-16755-ND,UES1V331MHM,Nichicon,Nichicon,CAP ALUM 330UF 20% 35V RADIAL TH,265,1.54,0,1,Bulk,UES,Active,330 µF,±20%,35 V,-,1000 Hrs @ 85°C,-40°C ~ 85°C,Bi-Polar,-,Audio,2,0.8,"0.295"" (7.50mm)","0.630"" Dia (16.00mm)","1.043"" (26.50mm)",-,Through Hole,"Radial, Can"
https://www.nichicon.co.jp/english/series_items/catalog_pdf/e-ues.pdf,//mm.digikey.com/Volume0/opasdata/d220001/medias/images/407/Muse-ES-SERIES-16mm.jpg,493-15018-ND,UES1C102MHM,Nichicon,Nichicon,CAP ALUM 1000UF 20% 16V RADIAL,198,1.7,0,1,Bulk,UES,Active,1000 µF,±20%,16 V,-,1000 Hrs @ 85°C,-40°C ~ 85°C,Bi-Polar,-,Audio,2,0.8,"0.295"" (7.50mm)","0.630"" Dia (16.00mm)","1.043"" (26.50mm)",-,Through Hole,"Radial, Can"
https://www.nichicon.co.jp/english/series_items/catalog_pdf/e-ues.pdf,//mm.digikey.com/Volume0/opasdata/d220001/medias/images/407/Muse-ES-SERIES-33mm.jpg,493-10826-ND,UES1E102MHM,Nichicon,Nichicon,CAP ALUM 1000UF 20% 25V RADIAL,411,1.75,0,1,Bulk,UES,Active,1000 µF,±20%,25 V,-,1000 Hrs @ 85°C,-40°C ~ 85°C,Bi-Polar,-,Audio,2,0.8,"0.295"" (7.50mm)","0.630"" Dia (16.00mm)","1.299"" (33.00mm)",-,Through Hole,"Radial, Can"
https://www.nichicon.co.jp/english/series_items/catalog_pdf/e-ues.pdf,//mm.digikey.com/Volume0/opasdata/d220001/medias/images/407/Muse-ES-SERIES-16mm.jpg,493-15036-ND,UES1H221MHM,Nichicon,Nichicon,CAP ALUM 220UF 20% 50V RADIAL TH,423,1.89,0,1,Bulk,UES,Active,220 µF,±20%,50 V,-,1000 Hrs @ 85°C,-40°C ~ 85°C,Bi-Polar,-,Audio,2,0.8,"0.295"" (7.50mm)","0.630"" Dia (16.00mm)","1.043"" (26.50mm)",-,Through Hole,"Radial, Can"
https://www.nichicon.co.jp/english/series_items/catalog_pdf/e-ues.pdf,-,"UES1V331MHM1TN-ND,493-UES1V331MHM1TNCT-ND",UES1V331MHM1TN,Nichicon,Nichicon,CAP ALUM 330UF 20% 35V RADIAL TH,480,1.54,0,1,"Tape & Reel (TR),Cut Tape (CT)",UES,Active,330 µF,±20%,35 V,-,1000 Hrs @ 85°C,-40°C ~ 85°C,Bi-Polar,-,Audio,2,0.8,"0.295"" (7.50mm)","0.630"" Dia (16.00mm)","1.043"" (26.50mm)",-,Through Hole,"Radial, Can"
https://www.nichicon.co.jp/english/series_items/catalog_pdf/e-ues.pdf,-,"UES1C102MHM1TN-ND,493-UES1C102MHM1TNCT-ND",UES1C102MHM1TN,Nichicon,Nichicon,CAP ALUM 1000UF 20% 16V RADIAL,249,1.98,0,1,"Tape & Reel (TR),Cut Tape (CT)",UES,Active,1000 µF,±20%,16 V,-,1000 Hrs @ 85°C,-40°C ~ 85°C,Bi-Polar,-,Audio,2,0.8,"0.295"" (7.50mm)","0.630"" Dia (16.00mm)","1.043"" (26.50mm)",-,Through Hole,"Radial, Can"
https://www.nichicon.co.jp/english/series_items/catalog_pdf/e-ues.pdf,//mm.digikey.com/Volume0/opasdata/d220001/medias/images/407/Muse-ES-SERIES-16mm.jpg,"493-10838-1-ND,493-10838-3-ND",UES1H221MHM1TN,Nichicon,Nichicon,CAP ALUM 220UF 20% 50V RADIAL TH,"1,066",1.33,0,1,"Cut Tape (CT),Tape & Box (TB)",UES,Active,220 µF,±20%,50 V,-,1000 Hrs @ 85°C,-40°C ~ 85°C,Bi-Polar,-,Audio,2,0.8,"0.295"" (7.50mm)","0.630"" Dia (16.00mm)","1.043"" (26.50mm)",-,Through Hole,"Radial, Can"
https://www.nichicon.co.jp/english/series_items/catalog_pdf/e-ues.pdf,//mm.digikey.com/Volume0/opasdata/d220001/medias/images/4236/MFG_UES1E471MHM1TN.jpg,"UES1E471MHM1TTR-ND,UES1E471MHM1TCT-ND",UES1E471MHM1TN,Nichicon,Nichicon,CAP ALUM 470UF 20% 25V RADIAL TH,285,1.5,0,1,"Tape & Reel (TR),Cut Tape (CT)",UES,Active,470 µF,±20%,25 V,-,1000 Hrs @ 85°C,-40°C ~ 85°C,Bi-Polar,-,Audio,2,0.8,"0.295"" (7.50mm)","0.630"" Dia (16.00mm)","1.043"" (26.50mm)",-,Through Hole,"Radial, Can"
https://www.nichicon.co.jp/english/series_items/catalog_pdf/e-ues.pdf,//mm.digikey.com/Volume0/opasdata/d220001/medias/images/407/Muse-ES-SERIES-16mm.jpg,493-15030-ND,UES1E471MHM,Nichicon,Nichicon,CAP ALUM 470UF 20% 25V RADIAL TH,48,1.5,0,1,Bulk,UES,Active,470 µF,±20%,25 V,-,1000 Hrs @ 85°C,-40°C ~ 85°C,Bi-Polar,-,Audio,2,0.8,"0.295"" (7.50mm)","0.630"" Dia (16.00mm)","1.043"" (26.50mm)",-,Through Hole,"Radial, Can"
https://www.nichicon.co.jp/english/series_items/catalog_pdf/e-ues.pdf,//mm.digikey.com/Volume0/opasdata/d220001/medias/images/407/Muse-ES-SERIES-16mm.jpg,493-15048-ND,UES1V471MHM,Nichicon,Nichicon,CAP ALUM 470UF 20% 35V RADIAL TH,0,1.72,0,1,Bulk,UES,Active,470 µF,±20%,35 V,-,1000 Hrs @ 85°C,-40°C ~ 85°C,Bi-Polar,-,Audio,2,0.8,"0.295"" (7.50mm)","0.630"" Dia (16.00mm)","1.043"" (26.50mm)",-,Through Hole,"Radial, Can"
https://www.nichicon.co.jp/english/series_items/catalog_pdf/e-ues.pdf,//mm.digikey.com/Volume0/opasdata/d220001/medias/images/407/Muse-ES-SERIES-16mm.jpg,"493-10853-1-ND,493-10853-3-ND",UES1V471MHM1TN,Nichicon,Nichicon,CAP ALUM 470UF 20% 35V RADIAL TH,0,1.72,0,1,"Cut Tape (CT),Tape & Box (TB)",UES,Active,470 µF,±20%,35 V,-,1000 Hrs @ 85°C,-40°C ~ 85°C,Bi-Polar,-,Audio,2,0.8,"0.295"" (7.50mm)","0.630"" Dia (16.00mm)","1.043"" (26.50mm)",-,Through Hole,"Radial, Can"
https://www.nichicon.co.jp/english/series_items/catalog_pdf/e-ues.pdf,//mm.digikey.com/Volume0/opasdata/d220001/medias/images/407/Muse-ES-SERIES-33mm.jpg,493-10841-ND,UES1H331MHM,Nichicon,Nichicon,CAP ALUM 330UF 20% 50V RADIAL TH,0,1.91,0,1,Bulk,UES,Active,330 µF,±20%,50 V,-,1000 Hrs @ 85°C,-40°C ~ 85°C,Bi-Polar,-,Audio,2,0.8,"0.295"" (7.50mm)","0.630"" Dia (16.00mm)","1.299"" (33.00mm)",-,Through Hole,"Radial, Can"
-,-,UES1E102MHM1AA-ND,UES1E102MHM1AA,Nichicon,Nichicon,CAP ALUM 25V BIPOLAR,0,0.82448,0,630,Bulk,UES,Active,1 mF,±20%,25 V,-,1000 Hrs @ 85°C,-40°C ~ 85°C,Bi-Polar,-,Audio,2,0.8,"0.295"" (7.50mm)","0.630"" Dia (16.00mm)","1.260"" (32.00mm)",-,Through Hole,"Radial, Can"
https://www.nichicon.co.jp/english/series_items/catalog_pdf/e-ues.pdf,//mm.digikey.com/Volume0/opasdata/d220001/medias/images/407/Muse-ES-SERIES-16mm.jpg,"493-10851-1-ND,493-10851-3-ND",UES1V331MHM1TO,Nichicon,Nichicon,CAP ALUM 330UF 20% 35V RADIAL TH,0,Active,0,1,"Cut Tape (CT),Tape & Box (TB)",UES,Active,330 µF,±20%,35 V,-,1000 Hrs @ 85°C,-40°C ~ 85°C,Bi-Polar,-,Audio,2,0.8,"0.295"" (7.50mm)","0.630"" Dia (16.00mm)","1.043"" (26.50mm)",-,Through Hole,"Radial, Can"
https://www.nichicon.co.jp/english/series_items/catalog_pdf/e-ues.pdf,//mm.digikey.com/Volume0/opasdata/d220001/medias/images/407/Muse-ES-SERIES-16mm.jpg,493-10817-1-ND,UES1C102MHM1TO,Nichicon,Nichicon,CAP ALUM 1000UF 20% 16V RADIAL,0,Active,0,1,Cut Tape (CT),UES,Active,1000 µF,±20%,16 V,-,1000 Hrs @ 85°C,-40°C ~ 85°C,Bi-Polar,-,Audio,2,0.8,"0.295"" (7.50mm)","0.630"" Dia (16.00mm)","1.043"" (26.50mm)",-,Through Hole,"Radial, Can"
