Datasheet,Image,DK Part #,Mfr Part #,Mfr,Supplier,Description,Stock,Price,@ qty,Min Qty, Package,Series,Product Status,Capacitance,Tolerance,Voltage - Rated,ESR (Equivalent Series Resistance),Lifetime @ Temp.,Operating Temperature,Polarization,Ratings,Applications,Ripple Current @ Low Frequency,Ripple Current @ High Frequency,Pin Size,Pin Qty,Lead Spacing,Size / Dimension,Height - Seated (Max),Surface Mount Land Size,Mounting Type,Package / Case
https://www.nichicon.co.jp/english/series_items/catalog_pdf/e-uka.pdf,//mm.digikey.com/Volume0/opasdata/d220001/medias/images/3007/KA%20SERIES%205mm.jpg,"493-4664-1-ND,2266-UKA1V220MDD1TDTB-ND,493-4664-3-ND",UKA1V220MDD1TD,Nichicon,"Nichicon,WEC",CAP ALUM 22UF 20% 35V RADIAL TH,0,0.155,0,500,"Cut Tape (CT),Tape & Box (TB),Tape & Box (TB)",UKA,Obsolete,22 µF,±20%,35 V,-,2000 Hrs @ 105°C,-55°C ~ 105°C,Polar,-,Audio,61 mA @ 120 Hz,122 mA @ 10 kHz,0.6,2,"0.098"" (2.50mm)","0.197"" Dia (5.00mm)","0.492"" (12.50mm)",-,Through Hole,"Radial, Can"
https://www.nichicon.co.jp/english/series_items/catalog_pdf/e-uka.pdf,//mm.digikey.com/Volume0/opasdata/d220001/medias/images/3007/KA%20SERIES%205mm.jpg,493-15316-ND,UKA0J101MDD,Nichicon,Nichicon,CAP ALUM 100UF 20% 6.3V RADIAL,"1,890",0.44,0,1,Bulk,UKA,Obsolete,100 µF,±20%,6.3 V,-,2000 Hrs @ 105°C,-55°C ~ 105°C,Polar,-,Audio,95 mA @ 120 Hz,142.5 mA @ 10 kHz,0.6,2,"0.079"" (2.00mm)","0.197"" Dia (5.00mm)","0.492"" (12.50mm)",-,Through Hole,"Radial, Can"
https://www.nichicon.co.jp/english/series_items/catalog_pdf/e-uka.pdf,//mm.digikey.com/Volume0/opasdata/d220001/medias/images/3007/KA%20SERIES%205mm.jpg,493-16806-ND,UKA0J220MDD,Nichicon,Nichicon,CAP ALUM 22UF 20% 6.3V RADIAL TH,"1,608",0.44,0,1,Bulk,UKA,Obsolete,22 µF,±20%,6.3 V,-,2000 Hrs @ 105°C,-55°C ~ 105°C,Polar,-,Audio,45 mA @ 120 Hz,-,0.6,2,"0.079"" (2.00mm)","0.197"" Dia (5.00mm)","0.492"" (12.50mm)",-,Through Hole,"Radial, Can"
https://www.nichicon.co.jp/english/series_items/catalog_pdf/e-uka.pdf,//mm.digikey.com/Volume0/opasdata/d220001/medias/images/3007/KA%20SERIES%205mm.jpg,493-15320-ND,UKA1A470MDD,Nichicon,Nichicon,CAP ALUM 47UF 20% 10V RADIAL TH,"9,651",0.45,0,1,Bulk,UKA,Obsolete,47 µF,±20%,10 V,-,2000 Hrs @ 105°C,-55°C ~ 105°C,Polar,-,Audio,68 mA @ 120 Hz,136 mA @ 10 kHz,0.6,2,"0.079"" (2.00mm)","0.197"" Dia (5.00mm)","0.492"" (12.50mm)",-,Through Hole,"Radial, Can"
https://www.nichicon.co.jp/english/series_items/catalog_pdf/e-uka.pdf,//mm.digikey.com/Volume0/opasdata/d220001/medias/images/3007/KA%20SERIES%205mm.jpg,"493-4629-1-ND,493-4629-3-ND",UKA1A101MDD1TD,Nichicon,Nichicon,CAP ALUM 100UF 20% 10V RADIAL TH,"8,606",0.45,0,1,"Cut Tape (CT),Tape & Box (TB)",UKA,Obsolete,100 µF,±20%,10 V,-,2000 Hrs @ 105°C,-55°C ~ 105°C,Polar,-,Audio,105 mA @ 120 Hz,157.5 mA @ 10 kHz,0.6,2,"0.098"" (2.50mm)","0.197"" Dia (5.00mm)","0.492"" (12.50mm)",-,Through Hole,"Radial, Can"
https://www.nichicon.co.jp/english/series_items/catalog_pdf/e-uka.pdf,//mm.digikey.com/Volume0/opasdata/d220001/medias/images/3007/KA%20SERIES%205mm.jpg,493-16808-ND,UKA0J330MDD,Nichicon,Nichicon,CAP ALUM 33UF 20% 6.3V RADIAL TH,"2,012",0.45,0,1,Bulk,UKA,Obsolete,33 µF,±20%,6.3 V,-,2000 Hrs @ 105°C,-55°C ~ 105°C,Polar,-,Audio,55 mA @ 120 Hz,110 mA @ 10 kHz,0.6,2,"0.079"" (2.00mm)","0.197"" Dia (5.00mm)","0.492"" (12.50mm)",-,Through Hole,"Radial, Can"
https://www.nichicon.co.jp/english/series_items/catalog_pdf/e-uka.pdf,//mm.digikey.com/Volume0/opasdata/d220001/medias/images/3007/KA%20SERIES%205mm.jpg,"493-4623-1-ND,493-4623-3-ND",UKA0J330MDD1TD,Nichicon,Nichicon,CAP ALUM 33UF 20% 6.3V RADIAL TH,"1,913",0.45,0,1,"Cut Tape (CT),Tape & Box (TB)",UKA,Obsolete,33 µF,±20%,6.3 V,-,2000 Hrs @ 105°C,-55°C ~ 105°C,Polar,-,Audio,55 mA @ 120 Hz,110 mA @ 10 kHz,0.6,2,"0.098"" (2.50mm)","0.197"" Dia (5.00mm)","0.492"" (12.50mm)",-,Through Hole,"Radial, Can"
https://www.nichicon.co.jp/english/series_items/catalog_pdf/e-uka.pdf,//mm.digikey.com/Volume0/opasdata/d220001/medias/images/3007/KA%20SERIES%205mm.jpg,"493-4649-1-ND,493-4649-3-ND",UKA1E220MDD1TD,Nichicon,Nichicon,CAP ALUM 22UF 20% 25V RADIAL TH,"1,908",0.45,0,1,"Cut Tape (CT),Tape & Box (TB)",UKA,Obsolete,22 µF,±20%,25 V,-,2000 Hrs @ 105°C,-55°C ~ 105°C,Polar,-,Audio,58 mA @ 120 Hz,116 mA @ 10 kHz,0.6,2,"0.098"" (2.50mm)","0.197"" Dia (5.00mm)","0.492"" (12.50mm)",-,Through Hole,"Radial, Can"
https://www.nichicon.co.jp/english/series_items/catalog_pdf/e-uka.pdf,//mm.digikey.com/Volume0/opasdata/d220001/medias/images/3007/KA%20SERIES%205mm.jpg,"493-4636-1-ND,493-4636-3-ND",UKA1A470MDD1TD,Nichicon,Nichicon,CAP ALUM 47UF 20% 10V RADIAL TH,"1,653",0.45,0,1,"Cut Tape (CT),Tape & Box (TB)",UKA,Obsolete,47 µF,±20%,10 V,-,2000 Hrs @ 105°C,-55°C ~ 105°C,Polar,-,Audio,68 mA @ 120 Hz,136 mA @ 10 kHz,0.6,2,"0.098"" (2.50mm)","0.197"" Dia (5.00mm)","0.492"" (12.50mm)",-,Through Hole,"Radial, Can"
https://www.nichicon.co.jp/english/series_items/catalog_pdf/e-uka.pdf,//mm.digikey.com/Volume0/opasdata/d220001/medias/images/3007/KA%20SERIES%205mm.jpg,"493-4618-1-ND,493-4618-3-ND",UKA0J101MDD1TD,Nichicon,Nichicon,CAP ALUM 100UF 20% 6.3V RADIAL,"1,644",0.45,0,1,"Cut Tape (CT),Tape & Box (TB)",UKA,Obsolete,100 µF,±20%,6.3 V,-,2000 Hrs @ 105°C,-55°C ~ 105°C,Polar,-,Audio,95 mA @ 120 Hz,142.5 mA @ 10 kHz,0.6,2,"0.098"" (2.50mm)","0.197"" Dia (5.00mm)","0.492"" (12.50mm)",-,Through Hole,"Radial, Can"
https://www.nichicon.co.jp/english/series_items/catalog_pdf/e-uka.pdf,//mm.digikey.com/Volume0/opasdata/d220001/medias/images/3007/KA%20SERIES%205mm.jpg,493-15319-ND,UKA1A101MDD,Nichicon,Nichicon,CAP ALUM 100UF 20% 10V RADIAL TH,"1,383",0.45,0,1,Bulk,UKA,Obsolete,100 µF,±20%,10 V,-,2000 Hrs @ 105°C,-55°C ~ 105°C,Polar,-,Audio,105 mA @ 120 Hz,157.5 mA @ 10 kHz,0.6,2,"0.079"" (2.00mm)","0.197"" Dia (5.00mm)","0.492"" (12.50mm)",-,Through Hole,"Radial, Can"
https://www.nichicon.co.jp/english/series_items/catalog_pdf/e-uka.pdf,//mm.digikey.com/Volume0/opasdata/d220001/medias/images/3007/KA%20SERIES%205mm.jpg,"493-4620-1-ND,493-4620-3-ND",UKA0J220MDD1TD,Nichicon,Nichicon,CAP ALUM 22UF 20% 6.3V RADIAL TH,"1,336",0.45,0,1,"Cut Tape (CT),Tape & Box (TB)",UKA,Obsolete,22 µF,±20%,6.3 V,-,2000 Hrs @ 105°C,-55°C ~ 105°C,Polar,-,Audio,45 mA @ 120 Hz,-,0.6,2,"0.098"" (2.50mm)","0.197"" Dia (5.00mm)","0.492"" (12.50mm)",-,Through Hole,"Radial, Can"
https://www.nichicon.co.jp/english/series_items/catalog_pdf/e-uka.pdf,//mm.digikey.com/Volume0/opasdata/d220001/medias/images/3007/KA%20SERIES%205mm.jpg,493-16815-ND,UKA1A330MDD,Nichicon,Nichicon,CAP ALUM 33UF 20% 10V RADIAL TH,"1,261",0.45,0,1,Bulk,UKA,Obsolete,33 µF,±20%,10 V,-,2000 Hrs @ 105°C,-55°C ~ 105°C,Polar,-,Audio,58 mA @ 120 Hz,116 mA @ 10 kHz,0.6,2,"0.079"" (2.00mm)","0.197"" Dia (5.00mm)","0.492"" (12.50mm)",-,Through Hole,"Radial, Can"
https://www.nichicon.co.jp/english/series_items/catalog_pdf/e-uka.pdf,//mm.digikey.com/Volume0/opasdata/d220001/medias/images/3007/KA%20SERIES%205mm.jpg,"493-4643-1-ND,493-4643-3-ND",UKA1C330MDD1TD,Nichicon,Nichicon,CAP ALUM 33UF 20% 16V RADIAL TH,"1,180",0.45,0,1,"Cut Tape (CT),Tape & Box (TB)",UKA,Obsolete,33 µF,±20%,16 V,-,2000 Hrs @ 105°C,-55°C ~ 105°C,Polar,-,Audio,65 mA @ 120 Hz,130 mA @ 10 kHz,0.6,2,"0.098"" (2.50mm)","0.197"" Dia (5.00mm)","0.492"" (12.50mm)",-,Through Hole,"Radial, Can"
https://www.nichicon.co.jp/english/series_items/catalog_pdf/e-uka.pdf,//mm.digikey.com/Volume0/opasdata/d220001/medias/images/3007/KA%20SERIES%205mm.jpg,493-15330-ND,UKA1E470MDD,Nichicon,Nichicon,CAP ALUM 47UF 20% 25V RADIAL TH,"3,525",0.49,0,1,Bulk,UKA,Obsolete,47 µF,±20%,25 V,-,2000 Hrs @ 105°C,-55°C ~ 105°C,Polar,-,Audio,83 mA @ 120 Hz,166 mA @ 10 kHz,0.6,2,"0.079"" (2.00mm)","0.197"" Dia (5.00mm)","0.492"" (12.50mm)",-,Through Hole,"Radial, Can"
https://www.nichicon.co.jp/english/series_items/catalog_pdf/e-uka.pdf,//mm.digikey.com/Volume0/opasdata/d220001/medias/images/3007/KA%20SERIES%205mm.jpg,493-16828-ND,UKA1V470MDD,Nichicon,Nichicon,CAP ALUM 47UF 20% 35V RADIAL TH,"1,701",0.49,0,1,Bulk,UKA,Obsolete,47 µF,±20%,35 V,-,2000 Hrs @ 105°C,-55°C ~ 105°C,Polar,-,Audio,93 mA @ 120 Hz,186 mA @ 10 kHz,0.6,2,"0.079"" (2.00mm)","0.197"" Dia (5.00mm)","0.492"" (12.50mm)",-,Through Hole,"Radial, Can"
https://www.nichicon.co.jp/english/series_items/catalog_pdf/e-uka.pdf,//mm.digikey.com/Volume0/opasdata/d220001/medias/images/3007/KA%20SERIES%205mm.jpg,"493-4638-1-ND,493-4638-3-ND",UKA1C101MDD1TD,Nichicon,Nichicon,CAP ALUM 100UF 20% 16V RADIAL TH,"2,838",0.53,0,1,"Cut Tape (CT),Tape & Box (TB)",UKA,Obsolete,100 µF,±20%,16 V,-,2000 Hrs @ 105°C,-55°C ~ 105°C,Polar,-,Audio,115 mA @ 120 Hz,172.5 mA @ 10 kHz,0.6,2,"0.098"" (2.50mm)","0.197"" Dia (5.00mm)","0.492"" (12.50mm)",-,Through Hole,"Radial, Can"
https://www.nichicon.co.jp/english/series_items/catalog_pdf/e-uka.pdf,//mm.digikey.com/Volume0/opasdata/d220001/medias/images/3007/KA%20SERIES%205mm.jpg,"493-4656-1-ND,493-4656-3-ND",UKA1H220MDD1TD,Nichicon,Nichicon,CAP ALUM 22UF 20% 50V RADIAL TH,"36,341",0.55,0,1,"Cut Tape (CT),Tape & Box (TB)",UKA,Obsolete,22 µF,±20%,50 V,-,2000 Hrs @ 105°C,-55°C ~ 105°C,Polar,-,Audio,68 mA @ 120 Hz,136 mA @ 10 kHz,0.6,2,"0.098"" (2.50mm)","0.197"" Dia (5.00mm)","0.492"" (12.50mm)",-,Through Hole,"Radial, Can"
https://www.nichicon.co.jp/english/series_items/catalog_pdf/e-uka.pdf,//mm.digikey.com/Volume0/opasdata/d220001/medias/images/3007/KA%20SERIES%205mm.jpg,493-16819-ND,UKA1C220MDD,Nichicon,Nichicon,CAP ALUM 22UF 20% 16V RADIAL TH,636,0.41,0,1,Bulk,UKA,Obsolete,22 µF,±20%,16 V,-,2000 Hrs @ 105°C,-55°C ~ 105°C,Polar,-,Audio,54 mA @ 120 Hz,108 mA @ 10 kHz,0.6,2,"0.079"" (2.00mm)","0.197"" Dia (5.00mm)","0.492"" (12.50mm)",-,Through Hole,"Radial, Can"
https://www.nichicon.co.jp/english/series_items/catalog_pdf/e-uka.pdf,//mm.digikey.com/Volume0/opasdata/d220001/medias/images/3007/KA%20SERIES%205mm.jpg,"493-4645-1-ND,493-4645-3-ND",UKA1C470MDD1TD,Nichicon,Nichicon,CAP ALUM 47UF 20% 16V RADIAL TH,972,0.45,0,1,"Cut Tape (CT),Tape & Box (TB)",UKA,Obsolete,47 µF,±20%,16 V,-,2000 Hrs @ 105°C,-55°C ~ 105°C,Polar,-,Audio,79 mA @ 120 Hz,158 mA @ 10 kHz,0.6,2,"0.098"" (2.50mm)","0.197"" Dia (5.00mm)","0.492"" (12.50mm)",-,Through Hole,"Radial, Can"
https://www.nichicon.co.jp/english/series_items/catalog_pdf/e-uka.pdf,//mm.digikey.com/Volume0/opasdata/d220001/medias/images/3007/KA%20SERIES%205mm.jpg,"493-4626-1-ND,493-4626-3-ND",UKA0J470MDD1TD,Nichicon,Nichicon,CAP ALUM 47UF 20% 6.3V RADIAL TH,797,0.45,0,1,"Cut Tape (CT),Tape & Box (TB)",UKA,Obsolete,47 µF,±20%,6.3 V,-,2000 Hrs @ 105°C,-55°C ~ 105°C,Polar,-,Audio,65 mA @ 120 Hz,130 mA @ 10 kHz,0.6,2,"0.098"" (2.50mm)","0.197"" Dia (5.00mm)","0.492"" (12.50mm)",-,Through Hole,"Radial, Can"
https://www.nichicon.co.jp/english/series_items/catalog_pdf/e-uka.pdf,//mm.digikey.com/Volume0/opasdata/d220001/medias/images/3007/KA%20SERIES%205mm.jpg,"493-4640-1-ND,493-4640-3-ND",UKA1C220MDD1TD,Nichicon,Nichicon,CAP ALUM 22UF 20% 16V RADIAL TH,507,0.45,0,1,"Cut Tape (CT),Tape & Box (TB)",UKA,Obsolete,22 µF,±20%,16 V,-,2000 Hrs @ 105°C,-55°C ~ 105°C,Polar,-,Audio,54 mA @ 120 Hz,108 mA @ 10 kHz,0.6,2,"0.098"" (2.50mm)","0.197"" Dia (5.00mm)","0.492"" (12.50mm)",-,Through Hole,"Radial, Can"
https://www.nichicon.co.jp/english/series_items/catalog_pdf/e-uka.pdf,//mm.digikey.com/Volume0/opasdata/d220001/medias/images/3007/KA%20SERIES%205mm.jpg,493-16825-ND,UKA1V220MDD,Nichicon,Nichicon,CAP ALUM 22UF 20% 35V RADIAL TH,314,0.45,0,1,Bulk,UKA,Obsolete,22 µF,±20%,35 V,-,2000 Hrs @ 105°C,-55°C ~ 105°C,Polar,-,Audio,61 mA @ 120 Hz,122 mA @ 10 kHz,0.6,2,"0.079"" (2.00mm)","0.197"" Dia (5.00mm)","0.492"" (12.50mm)",-,Through Hole,"Radial, Can"
https://www.nichicon.co.jp/english/series_items/catalog_pdf/e-uka.pdf,//mm.digikey.com/Volume0/opasdata/d220001/medias/images/3007/KA%20SERIES%205mm.jpg,493-15333-ND,UKA1H220MDD,Nichicon,Nichicon,CAP ALUM 22UF 20% 50V RADIAL TH,876,0.51,0,1,Bulk,UKA,Obsolete,22 µF,±20%,50 V,-,2000 Hrs @ 105°C,-55°C ~ 105°C,Polar,-,Audio,68 mA @ 120 Hz,136 mA @ 10 kHz,0.6,2,"0.079"" (2.00mm)","0.197"" Dia (5.00mm)","0.492"" (12.50mm)",-,Through Hole,"Radial, Can"
https://www.nichicon.co.jp/english/series_items/catalog_pdf/e-uka.pdf,//mm.digikey.com/Volume0/opasdata/d220001/medias/images/3007/KA%20SERIES%205mm.jpg,"493-4668-1-ND,493-4668-3-ND",UKA1V470MDD1TD,Nichicon,Nichicon,CAP ALUM 47UF 20% 35V RADIAL TH,72,0.55,0,1,"Cut Tape (CT),Tape & Box (TB)",UKA,Obsolete,47 µF,±20%,35 V,-,2000 Hrs @ 105°C,-55°C ~ 105°C,Polar,-,Audio,93 mA @ 120 Hz,186 mA @ 10 kHz,0.6,2,"0.098"" (2.50mm)","0.197"" Dia (5.00mm)","0.492"" (12.50mm)",-,Through Hole,"Radial, Can"
https://www.nichicon.co.jp/english/series_items/catalog_pdf/e-uka.pdf,//mm.digikey.com/Volume0/opasdata/d220001/medias/images/3007/KA%20SERIES%205mm.jpg,"493-4666-1-ND,493-4666-3-ND",UKA1V330MDD1TD,Nichicon,Nichicon,CAP ALUM 33UF 20% 35V RADIAL TH,67,0.55,0,1,"Cut Tape (CT),Tape & Box (TB)",UKA,Obsolete,33 µF,±20%,35 V,-,2000 Hrs @ 105°C,-55°C ~ 105°C,Polar,-,Audio,75 mA @ 120 Hz,150 mA @ 10 kHz,0.6,2,"0.098"" (2.50mm)","0.197"" Dia (5.00mm)","0.492"" (12.50mm)",-,Through Hole,"Radial, Can"
https://www.nichicon.co.jp/english/series_items/catalog_pdf/e-uka.pdf,//mm.digikey.com/Volume0/opasdata/d220001/medias/images/3007/KA%20SERIES%205mm.jpg,493-15325-ND,UKA1C470MDD,Nichicon,Nichicon,CAP ALUM 47UF 20% 16V RADIAL TH,0,0.09323,0,6000,Bulk,UKA,Obsolete,47 µF,±20%,16 V,-,2000 Hrs @ 105°C,-55°C ~ 105°C,Polar,-,Audio,79 mA @ 120 Hz,158 mA @ 10 kHz,0.6,2,"0.079"" (2.00mm)","0.197"" Dia (5.00mm)","0.492"" (12.50mm)",-,Through Hole,"Radial, Can"
https://www.nichicon.co.jp/english/series_items/catalog_pdf/e-uka.pdf,//mm.digikey.com/Volume0/opasdata/d220001/medias/images/3007/KA%20SERIES%205mm.jpg,493-16823-ND,UKA1H330MDD,Nichicon,Nichicon,CAP ALUM 33UF 20% 50V RADIAL TH,0,0.10772,0,6000,Bulk,UKA,Obsolete,33 µF,±20%,50 V,-,2000 Hrs @ 105°C,-55°C ~ 105°C,Polar,-,Audio,90 mA @ 120 Hz,180 mA @ 10 kHz,0.6,2,"0.079"" (2.00mm)","0.197"" Dia (5.00mm)","0.492"" (12.50mm)",-,Through Hole,"Radial, Can"
https://www.nichicon.co.jp/english/series_items/catalog_pdf/e-uka.pdf,//mm.digikey.com/Volume0/opasdata/d220001/medias/images/3007/KA%20SERIES%205mm.jpg,493-16814-ND,UKA1A220MDD,Nichicon,Nichicon,CAP ALUM 22UF 20% 10V RADIAL TH,0,0.11572,0,1800,Bulk,UKA,Obsolete,22 µF,±20%,10 V,-,2000 Hrs @ 105°C,-55°C ~ 105°C,Polar,-,Audio,45 mA @ 120 Hz,-,0.6,2,"0.079"" (2.00mm)","0.197"" Dia (5.00mm)","0.492"" (12.50mm)",-,Through Hole,"Radial, Can"
https://www.nichicon.co.jp/english/series_items/catalog_pdf/e-uka.pdf,//mm.digikey.com/Volume0/opasdata/d220001/medias/images/3007/KA%20SERIES%205mm.jpg,493-15321-ND,UKA1C101MDD,Nichicon,Nichicon,CAP ALUM 100UF 20% 16V RADIAL TH,0,0.11847,0,6000,Bulk,UKA,Obsolete,100 µF,±20%,16 V,-,2000 Hrs @ 105°C,-55°C ~ 105°C,Polar,-,Audio,115 mA @ 120 Hz,172.5 mA @ 10 kHz,0.6,2,"0.079"" (2.00mm)","0.197"" Dia (5.00mm)","0.492"" (12.50mm)",-,Through Hole,"Radial, Can"
https://www.nichicon.co.jp/english/series_items/catalog_pdf/e-uka.pdf,//mm.digikey.com/Volume0/opasdata/d220001/medias/images/3007/KA%20SERIES%205mm.jpg,493-15318-ND,UKA0J470MDD,Nichicon,Nichicon,CAP ALUM 47UF 20% 6.3V RADIAL TH,72,0.45,0,1,Bulk,UKA,Obsolete,47 µF,±20%,6.3 V,-,2000 Hrs @ 105°C,-55°C ~ 105°C,Polar,-,Audio,65 mA @ 120 Hz,130 mA @ 10 kHz,0.6,2,"0.079"" (2.00mm)","0.197"" Dia (5.00mm)","0.492"" (12.50mm)",-,Through Hole,"Radial, Can"
https://www.nichicon.co.jp/english/series_items/catalog_pdf/e-uka.pdf,//mm.digikey.com/Volume0/opasdata/d220001/medias/images/3007/KA%20SERIES%205mm.jpg,493-16821-ND,UKA1E220MDD,Nichicon,Nichicon,CAP ALUM 22UF 20% 25V RADIAL TH,47,0.45,0,1,Bulk,UKA,Obsolete,22 µF,±20%,25 V,-,2000 Hrs @ 105°C,-55°C ~ 105°C,Polar,-,Audio,58 mA @ 120 Hz,116 mA @ 10 kHz,0.6,2,"0.079"" (2.00mm)","0.197"" Dia (5.00mm)","0.492"" (12.50mm)",-,Through Hole,"Radial, Can"
https://www.nichicon.co.jp/english/series_items/catalog_pdf/e-uka.pdf,//mm.digikey.com/Volume0/opasdata/d220001/medias/images/3007/KA%20SERIES%205mm.jpg,"493-4653-1-ND,493-4653-3-ND",UKA1E470MDD1TD,Nichicon,Nichicon,CAP ALUM 47UF 20% 25V RADIAL TH,0,0.45,0,1,"Cut Tape (CT),Tape & Box (TB)",UKA,Obsolete,47 µF,±20%,25 V,-,2000 Hrs @ 105°C,-55°C ~ 105°C,Polar,-,Audio,83 mA @ 120 Hz,166 mA @ 10 kHz,0.6,2,"0.098"" (2.50mm)","0.197"" Dia (5.00mm)","0.492"" (12.50mm)",-,Through Hole,"Radial, Can"
https://www.nichicon.co.jp/english/series_items/catalog_pdf/e-uka.pdf,//mm.digikey.com/Volume0/opasdata/d220001/medias/images/3007/KA%20SERIES%205mm.jpg,"493-4658-1-ND,493-4658-3-ND",UKA1H330MDD1TD,Nichicon,Nichicon,CAP ALUM 33UF 20% 50V RADIAL TH,0,0.53,0,1,"Cut Tape (CT),Tape & Box (TB)",UKA,Obsolete,33 µF,±20%,50 V,-,2000 Hrs @ 105°C,-55°C ~ 105°C,Polar,-,Audio,90 mA @ 120 Hz,180 mA @ 10 kHz,0.6,2,"0.098"" (2.50mm)","0.197"" Dia (5.00mm)","0.492"" (12.50mm)",-,Through Hole,"Radial, Can"
https://www.nichicon.co.jp/english/series_items/catalog_pdf/e-uka.pdf,//mm.digikey.com/Volume0/opasdata/d220001/medias/images/3007/KA%20SERIES%205mm.jpg,"493-4631-1-ND,493-4631-3-ND",UKA1A220MDD1TD,Nichicon,Nichicon,CAP ALUM 22UF 20% 10V RADIAL TH,0,Obsolete,0,0,"Cut Tape (CT),Tape & Box (TB)",UKA,Obsolete,22 µF,±20%,10 V,-,2000 Hrs @ 105°C,-55°C ~ 105°C,Polar,-,Audio,45 mA @ 120 Hz,-,0.6,2,"0.098"" (2.50mm)","0.197"" Dia (5.00mm)","0.492"" (12.50mm)",-,Through Hole,"Radial, Can"
https://www.nichicon.co.jp/english/series_items/catalog_pdf/e-uka.pdf,//mm.digikey.com/Volume0/opasdata/d220001/medias/images/3007/KA%20SERIES%205mm.jpg,"493-4633-1-ND,493-4633-3-ND",UKA1A330MDD1TD,Nichicon,Nichicon,CAP ALUM 33UF 20% 10V RADIAL TH,0,Obsolete,0,0,"Cut Tape (CT),Tape & Box (TB)",UKA,Obsolete,33 µF,±20%,10 V,-,2000 Hrs @ 105°C,-55°C ~ 105°C,Polar,-,Audio,58 mA @ 120 Hz,116 mA @ 10 kHz,0.6,2,"0.098"" (2.50mm)","0.197"" Dia (5.00mm)","0.492"" (12.50mm)",-,Through Hole,"Radial, Can"
https://www.nichicon.co.jp/english/series_items/catalog_pdf/e-uka.pdf,//mm.digikey.com/Volume0/opasdata/d220001/medias/images/3007/KA%20SERIES%205mm.jpg,"493-4651-1-ND,493-4651-3-ND",UKA1E330MDD1TD,Nichicon,Nichicon,CAP ALUM 33UF 20% 25V RADIAL TH,0,Obsolete,0,0,"Cut Tape (CT),Tape & Box (TB)",UKA,Obsolete,33 µF,±20%,25 V,-,2000 Hrs @ 105°C,-55°C ~ 105°C,Polar,-,Audio,68 mA @ 120 Hz,136 mA @ 10 kHz,0.6,2,"0.098"" (2.50mm)","0.197"" Dia (5.00mm)","0.492"" (12.50mm)",-,Through Hole,"Radial, Can"
https://www.nichicon.co.jp/english/series_items/catalog_pdf/e-uka.pdf,//mm.digikey.com/Volume0/opasdata/d220001/medias/images/3007/KA%20SERIES%205mm.jpg,UKA1C330MDD-ND,UKA1C330MDD,Nichicon,Nichicon,CAP ALUM 33UF 20% 16V RADIAL TH,0,Obsolete,0,0,Bulk,UKA,Obsolete,33 µF,±20%,16 V,-,2000 Hrs @ 105°C,-55°C ~ 105°C,Polar,-,Audio,65 mA @ 120 Hz,130 mA @ 10 kHz,0.6,2,"0.079"" (2.00mm)","0.197"" Dia (5.00mm)","0.492"" (12.50mm)",-,Through Hole,"Radial, Can"
https://www.nichicon.co.jp/english/series_items/catalog_pdf/e-uka.pdf,//mm.digikey.com/Volume0/opasdata/d220001/medias/images/3007/KA%20SERIES%205mm.jpg,UKA1E330MDD-ND,UKA1E330MDD,Nichicon,Nichicon,CAP ALUM 33UF 20% 25V RADIAL TH,0,Obsolete,0,0,Bulk,UKA,Obsolete,33 µF,±20%,25 V,-,2000 Hrs @ 105°C,-55°C ~ 105°C,Polar,-,Audio,68 mA @ 120 Hz,136 mA @ 10 kHz,0.6,2,"0.079"" (2.00mm)","0.197"" Dia (5.00mm)","0.492"" (12.50mm)",-,Through Hole,"Radial, Can"
https://www.nichicon.co.jp/english/series_items/catalog_pdf/e-uka.pdf,//mm.digikey.com/Volume0/opasdata/d220001/medias/images/3007/KA%20SERIES%205mm.jpg,UKA1V330MDD-ND,UKA1V330MDD,Nichicon,Nichicon,CAP ALUM 33UF 20% 35V RADIAL TH,0,Obsolete,0,0,Bulk,UKA,Obsolete,33 µF,±20%,35 V,-,2000 Hrs @ 105°C,-55°C ~ 105°C,Polar,-,Audio,75 mA @ 120 Hz,150 mA @ 10 kHz,0.6,2,"0.079"" (2.00mm)","0.197"" Dia (5.00mm)","0.492"" (12.50mm)",-,Through Hole,"Radial, Can"
https://www.nichicon.co.jp/english/series_items/catalog_pdf/e-uka.pdf,//mm.digikey.com/Volume0/opasdata/d220001/medias/images/401/UKA1A221MED1TD.JPG,"493-4662-1-ND,2266-UKA1V101MED1TDTB-ND,493-4662-3-ND",UKA1V101MED1TD,Nichicon,"Nichicon,WEC",CAP ALUM 100UF 20% 35V RADIAL TH,0,0.53,0,1,"Cut Tape (CT),Tape & Box (TB),Tape & Box (TB)",UKA,Obsolete,100 µF,±20%,35 V,-,2000 Hrs @ 105°C,-55°C ~ 105°C,Polar,-,Audio,150 mA @ 120 Hz,225 mA @ 10 kHz,0.6,2,"0.098"" (2.50mm)","0.248"" Dia (6.30mm)","0.492"" (12.50mm)",-,Through Hole,"Radial, Can"
https://www.nichicon.co.jp/english/series_items/catalog_pdf/e-uka.pdf,//mm.digikey.com/Volume0/opasdata/d220001/medias/images/401/UKA1A221MED1TD.JPG,"493-4660-1-ND,493-4660-3-ND",UKA1H470MED1TD,Nichicon,Nichicon,CAP ALUM 47UF 20% 50V RADIAL TH,"46,535",0.6,0,1,"Cut Tape (CT),Tape & Box (TB)",UKA,Obsolete,47 µF,±20%,50 V,-,2000 Hrs @ 105°C,-55°C ~ 105°C,Polar,-,Audio,115 mA @ 120 Hz,230 mA @ 10 kHz,0.6,2,"0.098"" (2.50mm)","0.248"" Dia (6.30mm)","0.492"" (12.50mm)",-,Through Hole,"Radial, Can"
https://www.nichicon.co.jp/english/series_items/catalog_pdf/e-uka.pdf,//mm.digikey.com/Volume0/opasdata/d220001/medias/images/401/UKA1A221MED1TD.JPG,493-15323-ND,UKA1C221MED,Nichicon,Nichicon,CAP ALUM 220UF 20% 16V RADIAL TH,"2,801",0.6,0,1,Bulk,UKA,Obsolete,220 µF,±20%,16 V,-,2000 Hrs @ 105°C,-55°C ~ 105°C,Polar,-,Audio,190 mA @ 120 Hz,285 mA @ 10 kHz,0.6,2,"0.098"" (2.50mm)","0.248"" Dia (6.30mm)","0.492"" (12.50mm)",-,Through Hole,"Radial, Can"
https://www.nichicon.co.jp/english/series_items/catalog_pdf/e-uka.pdf,//mm.digikey.com/Volume0/opasdata/d220001/medias/images/401/UKA1A221MED1TD.JPG,493-16809-ND,UKA0J331MED,Nichicon,Nichicon,CAP ALUM 330UF 20% 6.3V RADIAL,"1,044",0.6,0,1,Bulk,UKA,Obsolete,330 µF,±20%,6.3 V,-,2000 Hrs @ 105°C,-55°C ~ 105°C,Polar,-,Audio,195 mA @ 120 Hz,292.5 mA @ 10 kHz,0.6,2,"0.098"" (2.50mm)","0.248"" Dia (6.30mm)","0.492"" (12.50mm)",-,Through Hole,"Radial, Can"
https://www.nichicon.co.jp/english/series_items/catalog_pdf/e-uka.pdf,//mm.digikey.com/Volume0/opasdata/d220001/medias/images/401/UKA1A221MED1TD.JPG,"493-4647-1-ND,493-4647-3-ND",UKA1E101MED1TD,Nichicon,Nichicon,CAP ALUM 100UF 20% 25V RADIAL TH,"3,535",0.61,0,1,"Cut Tape (CT),Tape & Box (TB)",UKA,Obsolete,100 µF,±20%,25 V,-,2000 Hrs @ 105°C,-55°C ~ 105°C,Polar,-,Audio,140 mA @ 120 Hz,210 mA @ 10 kHz,0.6,2,"0.098"" (2.50mm)","0.248"" Dia (6.30mm)","0.492"" (12.50mm)",-,Through Hole,"Radial, Can"
https://www.nichicon.co.jp/english/series_items/catalog_pdf/e-uka.pdf,//mm.digikey.com/Volume0/opasdata/d220001/medias/images/401/UKA1A221MED1TD.JPG,"493-4624-1-ND,493-4624-3-ND",UKA0J331MED1TD,Nichicon,Nichicon,CAP ALUM 330UF 20% 6.3V RADIAL,"2,272",0.61,0,1,"Cut Tape (CT),Tape & Box (TB)",UKA,Obsolete,330 µF,±20%,6.3 V,-,2000 Hrs @ 105°C,-55°C ~ 105°C,Polar,-,Audio,195 mA @ 120 Hz,292.5 mA @ 10 kHz,0.6,2,"0.098"" (2.50mm)","0.248"" Dia (6.30mm)","0.492"" (12.50mm)",-,Through Hole,"Radial, Can"
https://www.nichicon.co.jp/english/series_items/catalog_pdf/e-uka.pdf,//mm.digikey.com/Volume0/opasdata/d220001/medias/images/401/UKA1A221MED1TD.JPG,493-16824-ND,UKA1V101MED,Nichicon,Nichicon,CAP ALUM 100UF 20% 35V RADIAL TH,"1,552",0.61,0,1,Bulk,UKA,Obsolete,100 µF,±20%,35 V,-,2000 Hrs @ 105°C,-55°C ~ 105°C,Polar,-,Audio,150 mA @ 120 Hz,225 mA @ 10 kHz,0.6,2,"0.098"" (2.50mm)","0.248"" Dia (6.30mm)","0.492"" (12.50mm)",-,Through Hole,"Radial, Can"
https://www.nichicon.co.jp/english/series_items/catalog_pdf/e-uka.pdf,//mm.digikey.com/Volume0/opasdata/d220001/medias/images/401/UKA1A221MED1TD.JPG,493-15336-ND,UKA1H470MED,Nichicon,Nichicon,CAP ALUM 47UF 20% 50V RADIAL TH,865,0.61,0,1,Bulk,UKA,Obsolete,47 µF,±20%,50 V,-,2000 Hrs @ 105°C,-55°C ~ 105°C,Polar,-,Audio,115 mA @ 120 Hz,230 mA @ 10 kHz,0.6,2,"0.098"" (2.50mm)","0.248"" Dia (6.30mm)","0.492"" (12.50mm)",-,Through Hole,"Radial, Can"
https://www.nichicon.co.jp/english/series_items/catalog_pdf/e-uka.pdf,//mm.digikey.com/Volume0/opasdata/d220001/medias/images/401/UKA1A221MED1TD.JPG,"493-4632-1-ND,493-4632-3-ND",UKA1A221MED1TD,Nichicon,Nichicon,CAP ALUM 220UF 20% 10V RADIAL TH,249,0.61,0,1,"Cut Tape (CT),Tape & Box (TB)",UKA,Obsolete,220 µF,±20%,10 V,-,2000 Hrs @ 105°C,-55°C ~ 105°C,Polar,-,Audio,175 mA @ 120 Hz,262.5 mA @ 10 kHz,0.6,2,"0.098"" (2.50mm)","0.248"" Dia (6.30mm)","0.492"" (12.50mm)",-,Through Hole,"Radial, Can"
https://www.nichicon.co.jp/english/series_items/catalog_pdf/e-uka.pdf,//mm.digikey.com/Volume0/opasdata/d220001/medias/images/401/UKA1A221MED1TD.JPG,493-16314-ND,UKA1A221MED,Nichicon,Nichicon,CAP ALUM 220UF 20% 10V RADIAL TH,0,0.15934,0,1200,Bulk,UKA,Obsolete,220 µF,±20%,10 V,-,2000 Hrs @ 105°C,-55°C ~ 105°C,Polar,-,Audio,175 mA @ 120 Hz,262.5 mA @ 10 kHz,0.6,2,"0.098"" (2.50mm)","0.248"" Dia (6.30mm)","0.492"" (12.50mm)",-,Through Hole,"Radial, Can"
https://www.nichicon.co.jp/english/series_items/catalog_pdf/e-uka.pdf,//mm.digikey.com/Volume0/opasdata/d220001/medias/images/401/UKA1A221MED1TD.JPG,493-15317-ND,UKA0J221MED,Nichicon,Nichicon,CAP ALUM 220UF 20% 6.3V RADIAL,0,0.16977,0,1200,Bulk,UKA,Obsolete,220 µF,±20%,6.3 V,-,2000 Hrs @ 105°C,-55°C ~ 105°C,Polar,-,Audio,160 mA @ 120 Hz,240 mA @ 10 kHz,0.6,2,"0.098"" (2.50mm)","0.248"" Dia (6.30mm)","0.492"" (12.50mm)",-,Through Hole,"Radial, Can"
https://www.nichicon.co.jp/english/series_items/catalog_pdf/e-uka.pdf,//mm.digikey.com/Volume0/opasdata/d220001/medias/images/401/UKA1A221MED1TD.JPG,"493-4641-1-ND,493-4641-3-ND",UKA1C221MED1TD,Nichicon,Nichicon,CAP ALUM 220UF 20% 16V RADIAL TH,0,0.27,0,1,"Cut Tape (CT),Tape & Box (TB)",UKA,Obsolete,220 µF,±20%,16 V,-,2000 Hrs @ 105°C,-55°C ~ 105°C,Polar,-,Audio,190 mA @ 120 Hz,285 mA @ 10 kHz,0.6,2,"0.098"" (2.50mm)","0.248"" Dia (6.30mm)","0.492"" (12.50mm)",-,Through Hole,"Radial, Can"
https://www.nichicon.co.jp/english/series_items/catalog_pdf/e-uka.pdf,//mm.digikey.com/Volume0/opasdata/d220001/medias/images/401/UKA1A221MED1TD.JPG,493-15327-ND,UKA1E101MED,Nichicon,Nichicon,CAP ALUM 100UF 20% 25V RADIAL TH,2,0.53,0,1,Bulk,UKA,Obsolete,100 µF,±20%,25 V,-,2000 Hrs @ 105°C,-55°C ~ 105°C,Polar,-,Audio,140 mA @ 120 Hz,210 mA @ 10 kHz,0.6,2,"0.098"" (2.50mm)","0.248"" Dia (6.30mm)","0.492"" (12.50mm)",-,Through Hole,"Radial, Can"
https://www.nichicon.co.jp/english/series_items/catalog_pdf/e-uka.pdf,//mm.digikey.com/Volume0/opasdata/d220001/medias/images/401/UKA1A221MED1TD.JPG,"493-4621-1-ND,493-4621-3-ND",UKA0J221MED1TD,Nichicon,Nichicon,CAP ALUM 220UF 20% 6.3V RADIAL,"1,000",Obsolete,0,0,"Cut Tape (CT),Tape & Box (TB)",UKA,Obsolete,220 µF,±20%,6.3 V,-,2000 Hrs @ 105°C,-55°C ~ 105°C,Polar,-,Audio,160 mA @ 120 Hz,240 mA @ 10 kHz,0.6,2,"0.098"" (2.50mm)","0.248"" Dia (6.30mm)","0.492"" (12.50mm)",-,Through Hole,"Radial, Can"
https://www.nichicon.co.jp/english/series_items/catalog_pdf/e-uka.pdf,//mm.digikey.com/Volume0/opasdata/d220001/medias/images/2596/KA%20SERIES%208mm.jpg,493-16820-ND,UKA1C331MPD,Nichicon,Nichicon,CAP ALUM 330UF 20% 16V RADIAL TH,"5,534",0.57,0,1,Bulk,UKA,Not For New Designs,330 µF,±20%,16 V,-,2000 Hrs @ 105°C,-55°C ~ 105°C,Polar,AEC-Q200,Audio,265 mA @ 120 Hz,397.5 mA @ 10 kHz,0.6,2,"0.138"" (3.50mm)","0.315"" Dia (8.00mm)","0.512"" (13.00mm)",-,Through Hole,"Radial, Can"
https://www.nichicon.co.jp/english/series_items/catalog_pdf/e-uka.pdf,//mm.digikey.com/Volume0/opasdata/d220001/medias/images/2596/KA%20SERIES%208mm.jpg,493-16818-ND,UKA1A471MPD,Nichicon,Nichicon,CAP ALUM 470UF 20% 10V RADIAL TH,"3,237",0.77,0,1,Bulk,UKA,Not For New Designs,470 µF,±20%,10 V,-,2000 Hrs @ 105°C,-55°C ~ 105°C,Polar,AEC-Q200,Audio,280 mA @ 120 Hz,420 mA @ 10 kHz,0.6,2,"0.138"" (3.50mm)","0.315"" Dia (8.00mm)","0.512"" (13.00mm)",-,Through Hole,"Radial, Can"
https://www.nichicon.co.jp/english/series_items/catalog_pdf/e-uka.pdf,//mm.digikey.com/Volume0/opasdata/d220001/medias/images/2596/KA%20SERIES%208mm.jpg,"493-4646-1-ND,493-4646-3-ND",UKA1C471MPD1TD,Nichicon,Nichicon,CAP ALUM 470UF 20% 16V RADIAL TH,"10,285",0.8,0,1,"Cut Tape (CT),Tape & Box (TB)",UKA,Not For New Designs,470 µF,±20%,16 V,-,2000 Hrs @ 105°C,-55°C ~ 105°C,Polar,-,Audio,315 mA @ 120 Hz,-,0.6,2,"0.138"" (3.50mm)","0.315"" Dia (8.00mm)","0.512"" (13.00mm)",-,Through Hole,"Radial, Can"
https://www.nichicon.co.jp/english/series_items/catalog_pdf/e-uka.pdf,//mm.digikey.com/Volume0/opasdata/d220001/medias/images/2596/KA%20SERIES%208mm.jpg,493-15329-ND,UKA1E221MPD,Nichicon,Nichicon,CAP ALUM 220UF 20% 25V RADIAL TH,"7,946",0.8,0,1,Bulk,UKA,Not For New Designs,220 µF,±20%,25 V,-,2000 Hrs @ 105°C,-55°C ~ 105°C,Polar,AEC-Q200,Audio,240 mA @ 120 Hz,360 mA @ 10 kHz,0.6,2,"0.138"" (3.50mm)","0.315"" Dia (8.00mm)","0.512"" (13.00mm)",-,Through Hole,"Radial, Can"
https://www.nichicon.co.jp/english/series_items/catalog_pdf/e-uka.pdf,//mm.digikey.com/Volume0/opasdata/d220001/medias/images/2596/KA%20SERIES%208mm.jpg,493-15326-ND,UKA1C471MPD,Nichicon,Nichicon,CAP ALUM 470UF 20% 16V RADIAL TH,"6,227",0.8,0,1,Bulk,UKA,Not For New Designs,470 µF,±20%,16 V,-,2000 Hrs @ 105°C,-55°C ~ 105°C,Polar,AEC-Q200,Audio,315 mA @ 120 Hz,-,0.6,2,"0.138"" (3.50mm)","0.315"" Dia (8.00mm)","0.512"" (13.00mm)",-,Through Hole,"Radial, Can"
https://www.nichicon.co.jp/english/series_items/catalog_pdf/e-uka.pdf,//mm.digikey.com/Volume0/opasdata/d220001/medias/images/2596/KA%20SERIES%208mm.jpg,"493-4652-1-ND,493-4652-3-ND",UKA1E331MPD1TD,Nichicon,Nichicon,CAP ALUM 330UF 20% 25V RADIAL TH,"3,653",0.8,0,1,"Cut Tape (CT),Tape & Box (TB)",UKA,Not For New Designs,330 µF,±20%,25 V,-,2000 Hrs @ 105°C,-55°C ~ 105°C,Polar,-,Audio,290 mA @ 120 Hz,435 mA @ 10 kHz,0.6,2,"0.138"" (3.50mm)","0.315"" Dia (8.00mm)","0.512"" (13.00mm)",-,Through Hole,"Radial, Can"
https://www.nichicon.co.jp/english/series_items/catalog_pdf/e-uka.pdf,//mm.digikey.com/Volume0/opasdata/d220001/medias/images/2596/KA%20SERIES%208mm.jpg,"493-4655-1-ND,493-4655-3-ND",UKA1H101MPD1TD,Nichicon,Nichicon,CAP ALUM 100UF 20% 50V RADIAL TH,"3,360",0.8,0,1,"Cut Tape (CT),Tape & Box (TB)",UKA,Not For New Designs,100 µF,±20%,50 V,-,2000 Hrs @ 105°C,-55°C ~ 105°C,Polar,-,Audio,190 mA @ 120 Hz,285 mA @ 10 kHz,0.6,2,"0.138"" (3.50mm)","0.315"" Dia (8.00mm)","0.512"" (13.00mm)",-,Through Hole,"Radial, Can"
https://www.nichicon.co.jp/english/series_items/catalog_pdf/e-uka.pdf,//mm.digikey.com/Volume0/opasdata/d220001/medias/images/2596/KA%20SERIES%208mm.jpg,"493-4665-1-ND,493-4665-3-ND",UKA1V221MPD1TD,Nichicon,Nichicon,CAP ALUM 220UF 20% 35V RADIAL TH,"2,756",0.8,0,1,"Cut Tape (CT),Tape & Box (TB)",UKA,Not For New Designs,220 µF,±20%,35 V,-,2000 Hrs @ 105°C,-55°C ~ 105°C,Polar,-,Audio,260 mA @ 120 Hz,390 mA @ 10 kHz,0.6,2,"0.138"" (3.50mm)","0.315"" Dia (8.00mm)","0.512"" (13.00mm)",-,Through Hole,"Radial, Can"
https://www.nichicon.co.jp/english/series_items/catalog_pdf/e-uka.pdf,//mm.digikey.com/Volume0/opasdata/d220001/medias/images/2596/KA%20SERIES%208mm.jpg,493-16826-ND,UKA1V221MPD,Nichicon,Nichicon,CAP ALUM 220UF 20% 35V RADIAL TH,"1,713",0.8,0,1,Bulk,UKA,Not For New Designs,220 µF,±20%,35 V,-,2000 Hrs @ 105°C,-55°C ~ 105°C,Polar,AEC-Q200,Audio,260 mA @ 120 Hz,390 mA @ 10 kHz,0.6,2,"0.138"" (3.50mm)","0.315"" Dia (8.00mm)","0.512"" (13.00mm)",-,Through Hole,"Radial, Can"
https://www.nichicon.co.jp/english/series_items/catalog_pdf/e-uka.pdf,//mm.digikey.com/Volume0/opasdata/d220001/medias/images/2596/KA%20SERIES%208mm.jpg,493-15332-ND,UKA1H101MPD,Nichicon,Nichicon,CAP ALUM 100UF 20% 50V RADIAL TH,"1,009",0.8,0,1,Bulk,UKA,Not For New Designs,100 µF,±20%,50 V,-,2000 Hrs @ 105°C,-55°C ~ 105°C,Polar,AEC-Q200,Audio,190 mA @ 120 Hz,285 mA @ 10 kHz,0.6,2,"0.138"" (3.50mm)","0.315"" Dia (8.00mm)","0.512"" (13.00mm)",-,Through Hole,"Radial, Can"
https://www.nichicon.co.jp/english/series_items/catalog_pdf/e-uka.pdf,//mm.digikey.com/Volume0/opasdata/d220001/medias/images/2596/KA%20SERIES%208mm.jpg,493-16822-ND,UKA1E331MPD,Nichicon,Nichicon,CAP ALUM 330UF 20% 25V RADIAL TH,"3,562",0.81,0,1,Bulk,UKA,Not For New Designs,330 µF,±20%,25 V,-,2000 Hrs @ 105°C,-55°C ~ 105°C,Polar,AEC-Q200,Audio,290 mA @ 120 Hz,435 mA @ 10 kHz,0.6,2,"0.138"" (3.50mm)","0.315"" Dia (8.00mm)","0.512"" (13.00mm)",-,Through Hole,"Radial, Can"
https://www.nichicon.co.jp/english/series_items/catalog_pdf/e-uka.pdf,//mm.digikey.com/Volume0/opasdata/d220001/medias/images/2596/KA%20SERIES%208mm.jpg,"493-4650-1-ND,493-4650-3-ND",UKA1E221MPD1TD,Nichicon,Nichicon,CAP ALUM 220UF 20% 25V RADIAL TH,"4,900",0.95,0,1,"Cut Tape (CT),Tape & Box (TB)",UKA,Not For New Designs,220 µF,±20%,25 V,-,2000 Hrs @ 105°C,-55°C ~ 105°C,Polar,-,Audio,240 mA @ 120 Hz,360 mA @ 10 kHz,0.6,2,"0.138"" (3.50mm)","0.315"" Dia (8.00mm)","0.512"" (13.00mm)",-,Through Hole,"Radial, Can"
https://www.nichicon.co.jp/english/series_items/catalog_pdf/e-uka.pdf,//mm.digikey.com/Volume0/opasdata/d220001/medias/images/2596/KA%20SERIES%208mm.jpg,"493-4634-1-ND,493-4634-3-ND",UKA1A331MPD1TD,Nichicon,Nichicon,CAP ALUM 330UF 20% 10V RADIAL TH,"1,527",0.92,0,1,"Cut Tape (CT),Tape & Box (TB)",UKA,Not For New Designs,330 µF,±20%,10 V,-,2000 Hrs @ 105°C,-55°C ~ 105°C,Polar,-,Audio,240 mA @ 120 Hz,360 mA @ 10 kHz,0.6,2,"0.138"" (3.50mm)","0.315"" Dia (8.00mm)","0.512"" (13.00mm)",-,Through Hole,"Radial, Can"
https://www.nichicon.co.jp/english/series_items/catalog_pdf/e-uka.pdf,//mm.digikey.com/Volume0/opasdata/d220001/medias/images/2596/KA%20SERIES%208mm.jpg,493-16811-ND,UKA0J471MPD,Nichicon,Nichicon,CAP ALUM 470UF 20% 6.3V RADIAL,323,0.74,0,1,Bulk,UKA,Not For New Designs,470 µF,±20%,6.3 V,-,2000 Hrs @ 105°C,-55°C ~ 105°C,Polar,AEC-Q200,Audio,270 mA @ 120 Hz,405 mA @ 10 kHz,0.6,2,"0.138"" (3.50mm)","0.315"" Dia (8.00mm)","0.512"" (13.00mm)",-,Through Hole,"Radial, Can"
https://www.nichicon.co.jp/english/series_items/catalog_pdf/e-uka.pdf,//mm.digikey.com/Volume0/opasdata/d220001/medias/images/2596/KA%20SERIES%208mm.jpg,493-16816-ND,UKA1A331MPD,Nichicon,Nichicon,CAP ALUM 330UF 20% 10V RADIAL TH,94,0.54,0,1,Bulk,UKA,Not For New Designs,330 µF,±20%,10 V,-,2000 Hrs @ 105°C,-55°C ~ 105°C,Polar,AEC-Q200,Audio,240 mA @ 120 Hz,360 mA @ 10 kHz,0.6,2,"0.138"" (3.50mm)","0.315"" Dia (8.00mm)","0.512"" (13.00mm)",-,Through Hole,"Radial, Can"
https://www.nichicon.co.jp/english/series_items/catalog_pdf/e-uka.pdf,//mm.digikey.com/Volume0/opasdata/d220001/medias/images/2596/KA%20SERIES%208mm.jpg,"493-4627-1-ND,493-4627-3-ND",UKA0J471MPD1TD,Nichicon,Nichicon,CAP ALUM 470UF 20% 6.3V RADIAL,674,0.74,0,1,"Cut Tape (CT),Tape & Box (TB)",UKA,Not For New Designs,470 µF,±20%,6.3 V,-,2000 Hrs @ 105°C,-55°C ~ 105°C,Polar,-,Audio,270 mA @ 120 Hz,405 mA @ 10 kHz,0.6,2,"0.138"" (3.50mm)","0.315"" Dia (8.00mm)","0.512"" (13.00mm)",-,Through Hole,"Radial, Can"
https://www.nichicon.co.jp/english/series_items/catalog_pdf/e-uka.pdf,//mm.digikey.com/Volume0/opasdata/d220001/medias/images/2596/KA%20SERIES%208mm.jpg,"493-4637-1-ND,493-4637-3-ND",UKA1A471MPD1TD,Nichicon,Nichicon,CAP ALUM 470UF 20% 10V RADIAL TH,598,0.77,0,1,"Cut Tape (CT),Tape & Box (TB)",UKA,Not For New Designs,470 µF,±20%,10 V,-,2000 Hrs @ 105°C,-55°C ~ 105°C,Polar,-,Audio,280 mA @ 120 Hz,420 mA @ 10 kHz,0.6,2,"0.138"" (3.50mm)","0.315"" Dia (8.00mm)","0.512"" (13.00mm)",-,Through Hole,"Radial, Can"
https://www.nichicon.co.jp/english/series_items/catalog_pdf/e-uka.pdf,//mm.digikey.com/Volume0/opasdata/d220001/medias/images/2596/KA%20SERIES%208mm.jpg,"493-4644-1-ND,493-4644-3-ND",UKA1C331MPD1TD,Nichicon,Nichicon,CAP ALUM 330UF 20% 16V RADIAL TH,649,0.8,0,1,"Cut Tape (CT),Tape & Box (TB)",UKA,Not For New Designs,330 µF,±20%,16 V,-,2000 Hrs @ 105°C,-55°C ~ 105°C,Polar,-,Audio,265 mA @ 120 Hz,397.5 mA @ 10 kHz,0.6,2,"0.138"" (3.50mm)","0.315"" Dia (8.00mm)","0.512"" (13.00mm)",-,Through Hole,"Radial, Can"
https://www.nichicon.co.jp/english/series_items/catalog_pdf/e-uka.pdf,//mm.digikey.com/Volume0/opasdata/d220001/medias/images/2573/KA%20SERIES%2014mm.jpg,493-16827-ND,UKA1V331MPD,Nichicon,Nichicon,CAP ALUM 330UF 20% 35V RADIAL TH,"1,260",0.72,0,1,Bulk,UKA,Not For New Designs,330 µF,±20%,35 V,-,2000 Hrs @ 105°C,-55°C ~ 105°C,Polar,AEC-Q200,Audio,350 mA @ 120 Hz,-,0.6,2,"0.197"" (5.00mm)","0.394"" Dia (10.00mm)","0.551"" (14.00mm)",-,Through Hole,"Radial, Can"
https://www.nichicon.co.jp/english/series_items/catalog_pdf/e-uka.pdf,//mm.digikey.com/Volume0/opasdata/d220001/medias/images/2573/KA%20SERIES%2017.50mm.jpg,"493-4669-1-ND,493-4669-3-ND",UKA1V471MPD1TD,Nichicon,Nichicon,CAP ALUM 470UF 20% 35V RADIAL TH,"17,871",0.94,0,1,"Cut Tape (CT),Tape & Box (TB)",UKA,Not For New Designs,470 µF,±20%,35 V,-,2000 Hrs @ 105°C,-55°C ~ 105°C,Polar,-,Audio,460 mA @ 120 Hz,-,0.6,2,"0.197"" (5.00mm)","0.394"" Dia (10.00mm)","0.689"" (17.50mm)",-,Through Hole,"Radial, Can"
https://www.nichicon.co.jp/english/series_items/catalog_pdf/e-uka.pdf,//mm.digikey.com/Volume0/opasdata/d220001/medias/images/2573/KA%20SERIES%2014mm.jpg,493-16805-ND,UKA0J102MPD,Nichicon,Nichicon,CAP ALUM 1000UF 20% 6.3V RADIAL,"1,969",1.03,0,1,Bulk,UKA,Not For New Designs,1000 µF,±20%,6.3 V,-,2000 Hrs @ 105°C,-55°C ~ 105°C,Polar,AEC-Q200,Audio,420 mA @ 120 Hz,-,0.6,2,"0.197"" (5.00mm)","0.394"" Dia (10.00mm)","0.551"" (14.00mm)",-,Through Hole,"Radial, Can"
https://www.nichicon.co.jp/english/series_items/catalog_pdf/e-uka.pdf,//mm.digikey.com/Volume0/opasdata/d220001/medias/images/2573/KA%20SERIES%2014mm.jpg,"493-4654-1-ND,493-4654-3-ND",UKA1E471MPD1TD,Nichicon,Nichicon,CAP ALUM 470UF 20% 25V RADIAL TH,"1,000",1.03,0,1,"Cut Tape (CT),Tape & Box (TB)",UKA,Not For New Designs,470 µF,±20%,25 V,-,2000 Hrs @ 105°C,-55°C ~ 105°C,Polar,-,Audio,380 mA @ 120 Hz,570 mA @ 10 kHz,0.6,2,"0.197"" (5.00mm)","0.394"" Dia (10.00mm)","0.551"" (14.00mm)",-,Through Hole,"Radial, Can"
https://www.nichicon.co.jp/english/series_items/catalog_pdf/e-uka.pdf,//mm.digikey.com/Volume0/opasdata/d220001/medias/images/2573/KA%20SERIES%2014mm.jpg,"493-4657-1-ND,493-4657-3-ND",UKA1H221MPD1TD,Nichicon,Nichicon,CAP ALUM 220UF 20% 50V RADIAL TH,248,1.03,0,1,"Cut Tape (CT),Tape & Box (TB)",UKA,Not For New Designs,220 µF,±20%,50 V,-,2000 Hrs @ 105°C,-55°C ~ 105°C,Polar,-,Audio,300 mA @ 120 Hz,450 mA @ 10 kHz,0.6,2,"0.197"" (5.00mm)","0.394"" Dia (10.00mm)","0.551"" (14.00mm)",-,Through Hole,"Radial, Can"
https://www.nichicon.co.jp/english/series_items/catalog_pdf/e-uka.pdf,//mm.digikey.com/Volume0/opasdata/d220001/medias/images/2573/KA%20SERIES%2014mm.jpg,"493-4667-1-ND,493-4667-3-ND",UKA1V331MPD1TD,Nichicon,Nichicon,CAP ALUM 330UF 20% 35V RADIAL TH,239,1.03,0,1,"Cut Tape (CT),Tape & Box (TB)",UKA,Not For New Designs,330 µF,±20%,35 V,-,2000 Hrs @ 105°C,-55°C ~ 105°C,Polar,-,Audio,350 mA @ 120 Hz,-,0.6,2,"0.197"" (5.00mm)","0.394"" Dia (10.00mm)","0.551"" (14.00mm)",-,Through Hole,"Radial, Can"
https://www.nichicon.co.jp/english/series_items/catalog_pdf/e-uka.pdf,//mm.digikey.com/Volume0/opasdata/d220001/medias/images/2573/KA%20SERIES%2017.50mm.jpg,"493-4639-1-ND,493-4639-3-ND",UKA1C102MPD1TD,Nichicon,Nichicon,CAP ALUM 1000UF 20% 16V RADIAL,"1,351",1.09,0,1,"Cut Tape (CT),Tape & Box (TB)",UKA,Not For New Designs,1000 µF,±20%,16 V,-,2000 Hrs @ 105°C,-55°C ~ 105°C,Polar,-,Audio,560 mA @ 120 Hz,644 mA @ 10 kHz,0.6,2,"0.197"" (5.00mm)","0.394"" Dia (10.00mm)","0.689"" (17.50mm)",-,Through Hole,"Radial, Can"
https://www.nichicon.co.jp/english/series_items/catalog_pdf/e-uka.pdf,//mm.digikey.com/Volume0/opasdata/d220001/medias/images/2573/KA%20SERIES%2017.50mm.jpg,493-15339-ND,UKA1V471MPD,Nichicon,Nichicon,CAP ALUM 470UF 20% 35V RADIAL TH,"1,776",1.33,0,1,Bulk,UKA,Not For New Designs,470 µF,±20%,35 V,-,2000 Hrs @ 105°C,-55°C ~ 105°C,Polar,AEC-Q200,Audio,460 mA @ 120 Hz,-,0.6,2,"0.197"" (5.00mm)","0.394"" Dia (10.00mm)","0.689"" (17.50mm)",-,Through Hole,"Radial, Can"
https://www.nichicon.co.jp/english/series_items/catalog_pdf/e-uka.pdf,//mm.digikey.com/Volume0/opasdata/d220001/medias/images/2585/KA%20SERIES%2021.50mm.jpg,"493-4648-1-ND,493-4648-3-ND",UKA1E102MPD1TD,Nichicon,Nichicon,CAP ALUM 1000UF 20% 25V RADIAL,"1,213",1.35,0,1,"Cut Tape (CT),Tape & Box (TB)",UKA,Not For New Designs,1000 µF,±20%,25 V,-,2000 Hrs @ 105°C,-55°C ~ 105°C,Polar,-,Audio,680 mA @ 120 Hz,782 mA @ 10 kHz,0.6,2,"0.197"" (5.00mm)","0.394"" Dia (10.00mm)","0.846"" (21.50mm)",-,Through Hole,"Radial, Can"
https://www.nichicon.co.jp/english/series_items/catalog_pdf/e-uka.pdf,//mm.digikey.com/Volume0/opasdata/d220001/medias/images/2585/KA%20SERIES%2021.50mm.jpg,493-15328-ND,UKA1E102MPD,Nichicon,Nichicon,CAP ALUM 1000UF 20% 25V RADIAL,301,1.35,0,1,Bulk,UKA,Not For New Designs,1000 µF,±20%,25 V,-,2000 Hrs @ 105°C,-55°C ~ 105°C,Polar,AEC-Q200,Audio,680 mA @ 120 Hz,782 mA @ 10 kHz,0.6,2,"0.197"" (5.00mm)","0.394"" Dia (10.00mm)","0.846"" (21.50mm)",-,Through Hole,"Radial, Can"
https://www.nichicon.co.jp/english/series_items/catalog_pdf/e-uka.pdf,//mm.digikey.com/Volume0/opasdata/d220001/medias/images/2573/KA%20SERIES%2014mm.jpg,"493-4619-1-ND,493-4619-3-ND",UKA0J102MPD1TD,Nichicon,Nichicon,CAP ALUM 1000UF 20% 6.3V RADIAL,765,1.36,0,1,"Cut Tape (CT),Tape & Box (TB)",UKA,Not For New Designs,1000 µF,±20%,6.3 V,-,2000 Hrs @ 105°C,-55°C ~ 105°C,Polar,-,Audio,420 mA @ 120 Hz,-,0.6,2,"0.197"" (5.00mm)","0.394"" Dia (10.00mm)","0.551"" (14.00mm)",-,Through Hole,"Radial, Can"
https://www.nichicon.co.jp/english/series_items/catalog_pdf/e-uka.pdf,//mm.digikey.com/Volume0/opasdata/d220001/medias/images/2573/KA%20SERIES%2017.50mm.jpg,"493-4630-1-ND,493-4630-3-ND",UKA1A102MPD1TD,Nichicon,Nichicon,CAP ALUM 1000UF 20% 10V RADIAL,156,1.09,0,1,"Cut Tape (CT),Tape & Box (TB)",UKA,Not For New Designs,1000 µF,±20%,10 V,-,2000 Hrs @ 105°C,-55°C ~ 105°C,Polar,-,Audio,500 mA @ 120 Hz,575 mA @ 10 kHz,0.6,2,"0.197"" (5.00mm)","0.394"" Dia (10.00mm)","0.689"" (17.50mm)",-,Through Hole,"Radial, Can"
https://www.nichicon.co.jp/english/series_items/catalog_pdf/e-uka.pdf,//mm.digikey.com/Volume0/opasdata/d220001/medias/images/2585/KA%20SERIES%2021.50mm.jpg,493-16807-ND,UKA0J222MPD,Nichicon,Nichicon,CAP ALUM 2200UF 20% 6.3V RADIAL,"1,397",1.35,0,1,Bulk,UKA,Not For New Designs,2200 µF,±20%,6.3 V,-,2000 Hrs @ 105°C,-55°C ~ 105°C,Polar,AEC-Q200,Audio,710 mA @ 120 Hz,816.5 mA @ 10 kHz,0.6,2,"0.197"" (5.00mm)","0.394"" Dia (10.00mm)","0.866"" (22.00mm)",-,Through Hole,"Radial, Can"
https://www.nichicon.co.jp/english/series_items/catalog_pdf/e-uka.pdf,//mm.digikey.com/Volume0/opasdata/d220001/medias/images/2585/KA%20SERIES%2021.50mm.jpg,"493-4622-1-ND,493-4622-3-ND",UKA0J222MPD1TD,Nichicon,Nichicon,CAP ALUM 2200UF 20% 6.3V RADIAL,297,1.35,0,1,"Cut Tape (CT),Tape & Box (TB)",UKA,Not For New Designs,2200 µF,±20%,6.3 V,-,2000 Hrs @ 105°C,-55°C ~ 105°C,Polar,-,Audio,710 mA @ 120 Hz,816.5 mA @ 10 kHz,0.6,2,"0.197"" (5.00mm)","0.394"" Dia (10.00mm)","0.846"" (21.50mm)",-,Through Hole,"Radial, Can"
https://www.nichicon.co.jp/english/series_items/catalog_pdf/e-uka.pdf,//mm.digikey.com/Volume0/opasdata/d220001/medias/images/2573/KA%20SERIES%2014mm.jpg,493-15331-ND,UKA1E471MPD,Nichicon,Nichicon,CAP ALUM 470UF 20% 25V RADIAL TH,977,0.72,0,1,Bulk,UKA,Not For New Designs,470 µF,±20%,25 V,-,2000 Hrs @ 105°C,-55°C ~ 105°C,Polar,AEC-Q200,Audio,380 mA @ 120 Hz,570 mA @ 10 kHz,0.6,2,"0.197"" (5.00mm)","0.394"" Dia (10.00mm)","0.551"" (14.00mm)",-,Through Hole,"Radial, Can"
https://www.nichicon.co.jp/english/series_items/catalog_pdf/e-uka.pdf,//mm.digikey.com/Volume0/opasdata/d220001/medias/images/2573/KA%20SERIES%2017.50mm.jpg,493-15322-ND,UKA1C102MPD,Nichicon,Nichicon,CAP ALUM 1000UF 20% 16V RADIAL,826,0.77,0,1,Bulk,UKA,Not For New Designs,1000 µF,±20%,16 V,-,2000 Hrs @ 105°C,-55°C ~ 105°C,Polar,AEC-Q200,Audio,560 mA @ 120 Hz,644 mA @ 10 kHz,0.6,2,"0.197"" (5.00mm)","0.394"" Dia (10.00mm)","0.689"" (17.50mm)",-,Through Hole,"Radial, Can"
https://www.nichicon.co.jp/english/series_items/catalog_pdf/e-uka.pdf,//mm.digikey.com/Volume0/opasdata/d220001/medias/images/2573/KA%20SERIES%2017.50mm.jpg,493-16813-ND,UKA1A102MPD,Nichicon,Nichicon,CAP ALUM 1000UF 20% 10V RADIAL,99,1.09,0,1,Bulk,UKA,Not For New Designs,1000 µF,±20%,10 V,-,2000 Hrs @ 105°C,-55°C ~ 105°C,Polar,AEC-Q200,Audio,500 mA @ 120 Hz,575 mA @ 10 kHz,0.6,2,"0.197"" (5.00mm)","0.394"" Dia (10.00mm)","0.689"" (17.50mm)",-,Through Hole,"Radial, Can"
https://www.nichicon.co.jp/english/series_items/catalog_pdf/e-uka.pdf,//mm.digikey.com/Volume0/opasdata/d220001/medias/images/2573/KA%20SERIES%2017.50mm.jpg,"493-4659-1-ND,493-4659-3-ND",UKA1H331MPD1TD,Nichicon,Nichicon,CAP ALUM 330UF 20% 50V RADIAL TH,494,0.94,0,1,"Cut Tape (CT),Tape & Box (TB)",UKA,Not For New Designs,330 µF,±20%,50 V,-,2000 Hrs @ 105°C,-55°C ~ 105°C,Polar,-,Audio,410 mA @ 120 Hz,-,0.6,2,"0.197"" (5.00mm)","0.394"" Dia (10.00mm)","0.689"" (17.50mm)",-,Through Hole,"Radial, Can"
https://www.nichicon.co.jp/english/series_items/catalog_pdf/e-uka.pdf,//mm.digikey.com/Volume0/opasdata/d220001/medias/images/2573/KA%20SERIES%2014mm.jpg,493-15334-ND,UKA1H221MPD,Nichicon,Nichicon,CAP ALUM 220UF 20% 50V RADIAL TH,0,1.03,0,1,Bulk,UKA,Not For New Designs,220 µF,±20%,50 V,-,2000 Hrs @ 105°C,-55°C ~ 105°C,Polar,AEC-Q200,Audio,300 mA @ 120 Hz,450 mA @ 10 kHz,0.6,2,"0.197"" (5.00mm)","0.394"" Dia (10.00mm)","0.551"" (14.00mm)",-,Through Hole,"Radial, Can"
https://www.nichicon.co.jp/english/series_items/catalog_pdf/e-uka.pdf,//mm.digikey.com/Volume0/opasdata/d220001/medias/images/2573/KA%20SERIES%2017.50mm.jpg,493-15335-ND,UKA1H331MPD,Nichicon,Nichicon,CAP ALUM 330UF 20% 50V RADIAL TH,0,1.33,0,1,Bulk,UKA,Not For New Designs,330 µF,±20%,50 V,-,2000 Hrs @ 105°C,-55°C ~ 105°C,Polar,AEC-Q200,Audio,410 mA @ 120 Hz,-,0.6,2,"0.197"" (5.00mm)","0.394"" Dia (10.00mm)","0.689"" (17.50mm)",-,Through Hole,"Radial, Can"
https://www.nichicon.co.jp/english/series_items/catalog_pdf/e-uka.pdf,//mm.digikey.com/Volume0/opasdata/d220001/medias/images/530/UKA1A222MHD.JPG,493-15324-ND,UKA1C222MHD,Nichicon,Nichicon,CAP ALUM 2200UF 20% 16V RADIAL,789,1.19,0,1,Bulk,UKA,Not For New Designs,2200 µF,±20%,16 V,-,2000 Hrs @ 105°C,-55°C ~ 105°C,Polar,AEC-Q200,Audio,920 mA @ 120 Hz,1.058 A @ 10 kHz,0.6,2,"0.197"" (5.00mm)","0.492"" Dia (12.50mm)","0.846"" (21.50mm)",-,Through Hole,"Radial, Can"
https://www.nichicon.co.jp/english/series_items/catalog_pdf/e-uka.pdf,//mm.digikey.com/Volume0/opasdata/d220001/medias/images/530/UKA1A222MHD.JPG,493-15337-ND,UKA1H471MHD,Nichicon,Nichicon,CAP ALUM 470UF 20% 50V RADIAL TH,522,1.82,0,1,Bulk,UKA,Not For New Designs,470 µF,±20%,50 V,-,2000 Hrs @ 105°C,-55°C ~ 105°C,Polar,AEC-Q200,Audio,530 mA @ 120 Hz,795 mA @ 10 kHz,0.6,2,"0.197"" (5.00mm)","0.492"" Dia (12.50mm)","0.846"" (21.50mm)",-,Through Hole,"Radial, Can"
https://www.nichicon.co.jp/english/series_items/catalog_pdf/e-uka.pdf,//mm.digikey.com/Volume0/opasdata/d220001/medias/images/2588/KA%20SERIES%2012.50mm.jpg,"493-4663-1-ND,493-4663-3-ND",UKA1V102MHD1TO,Nichicon,Nichicon,CAP ALUM 1000UF 20% 35V RADIAL,283,1.96,0,1,"Cut Tape (CT),Tape & Box (TB)",UKA,Not For New Designs,1000 µF,±20%,35 V,-,2000 Hrs @ 105°C,-55°C ~ 105°C,Polar,-,Audio,860 mA @ 120 Hz,989 mA @ 10 kHz,0.6,2,"0.197"" (5.00mm)","0.492"" Dia (12.50mm)","1.043"" (26.50mm)",-,Through Hole,"Radial, Can"
https://www.nichicon.co.jp/english/series_items/catalog_pdf/e-uka.pdf,//mm.digikey.com/Volume0/opasdata/d220001/medias/images/399/UKA1C332MHD.jpg,493-4605-ND,UKA1C332MHD,Nichicon,Nichicon,CAP ALUM 3300UF 20% 16V RADIAL,875,2.57,0,1,Bulk,UKA,Not For New Designs,3300 µF,±20%,16 V,-,2000 Hrs @ 105°C,-55°C ~ 105°C,Polar,AEC-Q200,Audio,1.27 A @ 120 Hz,1.4605 A @ 10 kHz,0.6,2,"0.197"" (5.00mm)","0.492"" Dia (12.50mm)","1.299"" (33.00mm)",-,Through Hole,"Radial, Can"
https://www.nichicon.co.jp/english/series_items/catalog_pdf/e-uka.pdf,//mm.digikey.com/Volume0/opasdata/d220001/medias/images/530/UKA1E222MHD.JPG,493-4608-ND,UKA1E222MHD,Nichicon,Nichicon,CAP ALUM 2200UF 20% 25V RADIAL,614,2.97,0,1,Bulk,UKA,Not For New Designs,2200 µF,±20%,25 V,-,2000 Hrs @ 105°C,-55°C ~ 105°C,Polar,AEC-Q200,Audio,1.2 A @ 120 Hz,1.38 A @ 10 kHz,0.6,2,"0.197"" (5.00mm)","0.492"" Dia (12.50mm)","1.299"" (33.00mm)",-,Through Hole,"Radial, Can"
https://www.nichicon.co.jp/english/series_items/catalog_pdf/e-uka.pdf,//mm.digikey.com/Volume0/opasdata/d220001/medias/images/531/UKA1E332MHD.JPG,493-4609-ND,UKA1E332MHD,Nichicon,Nichicon,CAP ALUM 3300UF 20% 25V RADIAL,909,3.15,0,1,Bulk,UKA,Not For New Designs,3300 µF,±20%,25 V,-,2000 Hrs @ 105°C,-55°C ~ 105°C,Polar,AEC-Q200,Audio,1.4 A @ 120 Hz,1.61 A @ 10 kHz,0.6,2,"0.197"" (5.00mm)","0.492"" Dia (12.50mm)","1.457"" (37.00mm)",-,Through Hole,"Radial, Can"
https://www.nichicon.co.jp/english/series_items/catalog_pdf/e-uka.pdf,//mm.digikey.com/Volume0/opasdata/d220001/medias/images/530/UKA1A222MHD.JPG,"493-4642-1-ND,493-4642-3-ND",UKA1C222MHD1TO,Nichicon,Nichicon,CAP ALUM 2200UF 20% 16V RADIAL,429,1.7,0,1,"Cut Tape (CT),Tape & Box (TB)",UKA,Not For New Designs,2200 µF,±20%,16 V,-,2000 Hrs @ 105°C,-55°C ~ 105°C,Polar,-,Audio,920 mA @ 120 Hz,1.058 A @ 10 kHz,0.6,2,"0.197"" (5.00mm)","0.492"" Dia (12.50mm)","0.846"" (21.50mm)",-,Through Hole,"Radial, Can"
https://www.nichicon.co.jp/english/series_items/catalog_pdf/e-uka.pdf,//mm.digikey.com/Volume0/opasdata/d220001/medias/images/530/UKA1A222MHD.JPG,"493-4625-1-ND,493-4625-3-ND",UKA0J332MHD1TO,Nichicon,Nichicon,CAP ALUM 3300UF 20% 6.3V RADIAL,359,1.7,0,1,"Cut Tape (CT),Tape & Box (TB)",UKA,Not For New Designs,3300 µF,±20%,6.3 V,-,2000 Hrs @ 105°C,-55°C ~ 105°C,Polar,-,Audio,910 mA @ 120 Hz,1.0465 A @ 10 kHz,0.6,2,"0.197"" (5.00mm)","0.492"" Dia (12.50mm)","0.846"" (21.50mm)",-,Through Hole,"Radial, Can"
https://www.nichicon.co.jp/english/series_items/catalog_pdf/e-uka.pdf,//mm.digikey.com/Volume0/opasdata/d220001/medias/images/530/UKA1A222MHD.JPG,"493-4661-1-ND,493-4661-3-ND",UKA1H471MHD1TO,Nichicon,Nichicon,CAP ALUM 470UF 20% 50V RADIAL TH,380,1.82,0,1,"Cut Tape (CT),Tape & Box (TB)",UKA,Not For New Designs,470 µF,±20%,50 V,-,2000 Hrs @ 105°C,-55°C ~ 105°C,Polar,-,Audio,530 mA @ 120 Hz,795 mA @ 10 kHz,0.6,2,"0.197"" (5.00mm)","0.492"" Dia (12.50mm)","0.846"" (21.50mm)",-,Through Hole,"Radial, Can"
https://www.nichicon.co.jp/english/series_items/catalog_pdf/e-uka.pdf,//mm.digikey.com/Volume0/opasdata/d220001/medias/images/530/UKA1C472MHD.JPG,493-4606-ND,UKA1C472MHD,Nichicon,Nichicon,CAP ALUM 4700UF 20% 16V RADIAL,413,3.15,0,1,Bulk,UKA,Not For New Designs,4700 µF,±20%,16 V,-,2000 Hrs @ 105°C,-55°C ~ 105°C,Polar,AEC-Q200,Audio,1.48 A @ 120 Hz,1.702 A @ 10 kHz,0.6,2,"0.197"" (5.00mm)","0.492"" Dia (12.50mm)","1.457"" (37.00mm)",-,Through Hole,"Radial, Can"
https://www.nichicon.co.jp/english/series_items/catalog_pdf/e-uka.pdf,//mm.digikey.com/Volume0/opasdata/d220001/medias/images/2588/KA%20SERIES%2012.50mm.jpg,"493-4635-1-ND,493-4635-3-ND",UKA1A332MHD1TO,Nichicon,Nichicon,CAP ALUM 3300UF 20% 10V RADIAL,471,2.41,0,1,"Cut Tape (CT),Tape & Box (TB)",UKA,Not For New Designs,3300 µF,±20%,10 V,-,2000 Hrs @ 105°C,-55°C ~ 105°C,Polar,-,Audio,1.05 A @ 120 Hz,-,0.6,2,"0.197"" (5.00mm)","0.492"" Dia (12.50mm)","1.043"" (26.50mm)",-,Through Hole,"Radial, Can"
https://www.nichicon.co.jp/english/series_items/catalog_pdf/e-uka.pdf,-,"UKA1A222MHD1TO-ND,493-UKA1A222MHD1TOCT-ND",UKA1A222MHD1TO,Nichicon,Nichicon,CAP ALUM 2200UF 20% 10V RADIAL,489,1.64,0,1,"Tape & Reel (TR),Cut Tape (CT)",UKA,Not For New Designs,2200 µF,±20%,10 V,-,2000 Hrs @ 105°C,-55°C ~ 105°C,Polar,-,Audio,810 mA @ 120 Hz,931.5 mA @ 100 kHz,0.6,2,"0.197"" (5.00mm)","0.492"" Dia (12.50mm)","0.846"" (21.50mm)",-,Through Hole,"Radial, Can"
https://www.nichicon.co.jp/english/series_items/catalog_pdf/e-uka.pdf,//mm.digikey.com/Volume0/opasdata/d220001/medias/images/538/UKA1H102MHD.JPG,493-4612-ND,UKA1H102MHD,Nichicon,Nichicon,CAP ALUM 1000UF 20% 50V RADIAL,70,2.57,0,1,Bulk,UKA,Not For New Designs,1000 µF,±20%,50 V,-,2000 Hrs @ 105°C,-55°C ~ 105°C,Polar,AEC-Q200,Audio,1.04 A @ 120 Hz,1.196 A @ 10 kHz,0.6,2,"0.197"" (5.00mm)","0.492"" Dia (12.50mm)","1.299"" (33.00mm)",-,Through Hole,"Radial, Can"
https://www.nichicon.co.jp/english/series_items/catalog_pdf/e-uka.pdf,//mm.digikey.com/Volume0/opasdata/d220001/medias/images/530/UKA1A222MHD.JPG,493-4601-ND,UKA1A222MHD,Nichicon,Nichicon,CAP ALUM 2200UF 20% 10V RADIAL,89,1.69,0,1,Bulk,UKA,Not For New Designs,2200 µF,±20%,10 V,-,2000 Hrs @ 105°C,-55°C ~ 105°C,Polar,AEC-Q200,Audio,810 mA @ 120 Hz,931.5 mA @ 10 kHz,0.6,2,"0.197"" (5.00mm)","0.492"" Dia (12.50mm)","0.846"" (21.50mm)",-,Through Hole,"Radial, Can"
https://www.nichicon.co.jp/english/series_items/catalog_pdf/e-uka.pdf,//mm.digikey.com/Volume0/opasdata/d220001/medias/images/2588/KA%20SERIES%2012.50mm.jpg,493-16812-ND,UKA0J472MHD,Nichicon,Nichicon,CAP ALUM 4700UF 20% 6.3V RADIAL,68,1.38,0,1,Bulk,UKA,Not For New Designs,4700 µF,±20%,6.3 V,-,2000 Hrs @ 105°C,-55°C ~ 105°C,Polar,AEC-Q200,Audio,1.12 A @ 120 Hz,1.288 A @ 10 kHz,0.6,2,"0.197"" (5.00mm)","0.492"" Dia (12.50mm)","1.043"" (26.50mm)",-,Through Hole,"Radial, Can"
https://www.nichicon.co.jp/english/series_items/catalog_pdf/e-uka.pdf,//mm.digikey.com/Volume0/opasdata/d220001/medias/images/538/UKA1A472MHD.JPG,493-4602-ND,UKA1A472MHD,Nichicon,Nichicon,CAP ALUM 4700UF 20% 10V RADIAL,27,1.73,0,1,Bulk,UKA,Not For New Designs,4700 µF,±20%,10 V,-,2000 Hrs @ 105°C,-55°C ~ 105°C,Polar,AEC-Q200,Audio,1.3 A @ 120 Hz,1.495 A @ 10 kHz,0.6,2,"0.197"" (5.00mm)","0.492"" Dia (12.50mm)","1.457"" (37.00mm)",-,Through Hole,"Radial, Can"
https://www.nichicon.co.jp/english/series_items/catalog_pdf/e-uka.pdf,//mm.digikey.com/Volume0/opasdata/d220001/medias/images/2588/KA%20SERIES%2012.50mm.jpg,"493-4628-1-ND,493-4628-3-ND",UKA0J472MHD1TO,Nichicon,Nichicon,CAP ALUM 4700UF 20% 6.3V RADIAL,87,1.96,0,1,"Cut Tape (CT),Tape & Box (TB)",UKA,Not For New Designs,4700 µF,±20%,6.3 V,-,2000 Hrs @ 105°C,-55°C ~ 105°C,Polar,-,Audio,1.12 A @ 120 Hz,1.288 A @ 10 kHz,0.6,2,"0.197"" (5.00mm)","0.492"" Dia (12.50mm)","1.043"" (26.50mm)",-,Through Hole,"Radial, Can"
https://www.nichicon.co.jp/english/series_items/catalog_pdf/e-uka.pdf,//mm.digikey.com/Volume0/opasdata/d220001/medias/images/2588/KA%20SERIES%2012.50mm.jpg,493-15338-ND,UKA1V102MHD,Nichicon,Nichicon,CAP ALUM 1000UF 20% 35V RADIAL,0,1.96,0,1,Bulk,UKA,Not For New Designs,1000 µF,±20%,35 V,-,2000 Hrs @ 105°C,-55°C ~ 105°C,Polar,AEC-Q200,Audio,860 mA @ 120 Hz,989 mA @ 10 kHz,0.6,2,"0.197"" (5.00mm)","0.492"" Dia (12.50mm)","1.043"" (26.50mm)",-,Through Hole,"Radial, Can"
https://www.nichicon.co.jp/english/series_items/catalog_pdf/e-uka.pdf,//mm.digikey.com/Volume0/opasdata/d220001/medias/images/531/UKA1V222MHD.JPG,493-4615-ND,UKA1V222MHD,Nichicon,Nichicon,CAP ALUM 2200UF 20% 35V RADIAL,0,3.46,0,1,Bulk,UKA,Not For New Designs,2200 µF,±20%,35 V,-,2000 Hrs @ 105°C,-55°C ~ 105°C,Polar,AEC-Q200,Audio,1.26 A @ 120 Hz,1.449 A @ 10 kHz,0.6,2,"0.197"" (5.00mm)","0.492"" Dia (12.50mm)","1.634"" (41.50mm)",-,Through Hole,"Radial, Can"
https://www.nichicon.co.jp/english/series_items/catalog_pdf/e-uka.pdf,//mm.digikey.com/Volume0/opasdata/d220001/medias/images/2588/KA%20SERIES%2012.50mm.jpg,493-16817-ND,UKA1A332MHD,Nichicon,Nichicon,CAP ALUM 3300UF 20% 10V RADIAL,12,1.96,0,1,Bulk,UKA,Not For New Designs,3300 µF,±20%,10 V,-,2000 Hrs @ 105°C,-55°C ~ 105°C,Polar,AEC-Q200,Audio,1.05 A @ 120 Hz,-,0.6,2,"0.197"" (5.00mm)","0.492"" Dia (12.50mm)","1.043"" (26.50mm)",-,Through Hole,"Radial, Can"
https://www.nichicon.co.jp/english/series_items/catalog_pdf/e-uka.pdf,//mm.digikey.com/Volume0/opasdata/d220001/medias/images/538/UKA0J103MHD.JPG,493-4595-ND,UKA0J103MHD,Nichicon,Nichicon,CAP ALUM 10000UF 20% 6.3V RADIAL,14,3.46,0,1,Bulk,UKA,Not For New Designs,10000 µF,±20%,6.3 V,-,2000 Hrs @ 105°C,-55°C ~ 105°C,Polar,AEC-Q200,Audio,1.65 A @ 120 Hz,1.8975 A @ 10 kHz,0.6,2,"0.197"" (5.00mm)","0.492"" Dia (12.50mm)","1.634"" (41.50mm)",-,Through Hole,"Radial, Can"
https://www.nichicon.co.jp/english/series_items/catalog_pdf/e-uka.pdf,//mm.digikey.com/Volume0/opasdata/d220001/medias/images/530/UKA1A222MHD.JPG,493-16810-ND,UKA0J332MHD,Nichicon,Nichicon,CAP ALUM 3300UF 20% 6.3V RADIAL,0,0.66993,0,1000,Bulk,UKA,Not For New Designs,3300 µF,±20%,6.3 V,-,2000 Hrs @ 105°C,-55°C ~ 105°C,Polar,AEC-Q200,Audio,910 mA @ 120 Hz,1.0465 A @ 10 kHz,0.6,2,"0.197"" (5.00mm)","0.492"" Dia (12.50mm)","0.866"" (22.00mm)",-,Through Hole,"Radial, Can"
https://www.nichicon.co.jp/english/series_items/catalog_pdf/e-uka.pdf,//mm.digikey.com/Volume0/opasdata/d220001/medias/images/538/UKA1A682MHD.JPG,493-4603-ND,UKA1A682MHD,Nichicon,Nichicon,CAP ALUM 6800UF 20% 10V RADIAL,0,1.78698,0,400,Bulk,UKA,Not For New Designs,6800 µF,±20%,10 V,-,2000 Hrs @ 105°C,-55°C ~ 105°C,Polar,AEC-Q200,Audio,1.57 A @ 120 Hz,1.8055 A @ 10 kHz,0.6,2,"0.197"" (5.00mm)","0.492"" Dia (12.50mm)","1.634"" (41.50mm)",-,Through Hole,"Radial, Can"
https://www.nichicon.co.jp/english/series_items/catalog_pdf/e-uka.pdf,//mm.digikey.com/Volume0/opasdata/d220001/medias/images/531/UKA0J682MHD.JPG,493-4598-ND,UKA0J682MHD,Nichicon,Nichicon,CAP ALUM 6800UF 20% 6.3V RADIAL,0,3.15,0,1,Bulk,UKA,Not For New Designs,6800 µF,±20%,6.3 V,-,2000 Hrs @ 105°C,-55°C ~ 105°C,Polar,AEC-Q200,Audio,1.36 A @ 120 Hz,1.564 A @ 10 kHz,0.6,2,"0.197"" (5.00mm)","0.492"" Dia (12.50mm)","1.457"" (37.00mm)",-,Through Hole,"Radial, Can"
https://www.nichicon.co.jp/english/series_items/catalog_pdf/e-uka.pdf,//mm.digikey.com/Volume0/opasdata/d220001/medias/images/530/UKA1V332MHD.jpg,493-4616-ND,UKA1V332MHD,Nichicon,Nichicon,CAP ALUM 3300UF 20% 35V RADIAL,"4,168",2.47,0,1,Bulk,UKA,Not For New Designs,3300 µF,±20%,35 V,-,2000 Hrs @ 105°C,-55°C ~ 105°C,Polar,AEC-Q200,Audio,1.61 A @ 120 Hz,1.8515 A @ 10 kHz,0.8,2,"0.295"" (7.50mm)","0.630"" Dia (16.00mm)","1.457"" (37.00mm)",-,Through Hole,"Radial, Can"
https://www.nichicon.co.jp/english/series_items/catalog_pdf/e-uka.pdf,//mm.digikey.com/Volume0/opasdata/d220001/medias/images/399/UKA1H222MHD.jpg,493-4613-ND,UKA1H222MHD,Nichicon,Nichicon,CAP ALUM 2200UF 20% 50V RADIAL,"3,762",2.49,0,1,Bulk,UKA,Not For New Designs,2200 µF,±20%,50 V,-,2000 Hrs @ 105°C,-55°C ~ 105°C,Polar,AEC-Q200,Audio,1.47 A @ 120 Hz,1.6905 A @ 10 kHz,0.8,2,"0.295"" (7.50mm)","0.630"" Dia (16.00mm)","1.457"" (37.00mm)",-,Through Hole,"Radial, Can"
https://www.nichicon.co.jp/english/series_items/catalog_pdf/e-uka.pdf,//mm.digikey.com/Volume0/opasdata/d220001/medias/images/399/UKA1E472MHD.jpg,493-4610-ND,UKA1E472MHD,Nichicon,Nichicon,CAP ALUM 4700UF 20% 25V RADIAL,295,3.57,0,1,Bulk,UKA,Not For New Designs,4700 µF,±20%,25 V,-,2000 Hrs @ 105°C,-55°C ~ 105°C,Polar,AEC-Q200,Audio,1.71 A @ 120 Hz,1.9665 A @ 10 kHz,0.8,2,"0.295"" (7.50mm)","0.630"" Dia (16.00mm)","1.299"" (33.00mm)",-,Through Hole,"Radial, Can"
https://www.nichicon.co.jp/english/series_items/catalog_pdf/e-uka.pdf,//mm.digikey.com/Volume0/opasdata/d220001/medias/images/524/UKA1C682MHD.JPG,493-4607-ND,UKA1C682MHD,Nichicon,Nichicon,CAP ALUM 6800UF 20% 16V RADIAL,75,3.46,0,1,Bulk,UKA,Not For New Designs,6800 µF,±20%,16 V,-,2000 Hrs @ 105°C,-55°C ~ 105°C,Polar,AEC-Q200,Audio,1.78 A @ 120 Hz,2.047 A @ 10 kHz,0.8,2,"0.295"" (7.50mm)","0.630"" Dia (16.00mm)","1.299"" (33.00mm)",-,Through Hole,"Radial, Can"
https://www.nichicon.co.jp/english/series_items/catalog_pdf/e-uka.pdf,//mm.digikey.com/Volume0/opasdata/d220001/medias/images/526/UKA1A103MHD.JPG,493-4599-ND,UKA1A103MHD,Nichicon,Nichicon,CAP ALUM 10000UF 20% 10V RADIAL,0,1.8539,0,300,Bulk,UKA,Not For New Designs,10000 µF,±20%,10 V,-,2000 Hrs @ 105°C,-55°C ~ 105°C,Polar,AEC-Q200,Audio,1.89 A @ 120 Hz,2.1735 A @ 10 kHz,0.8,2,"0.295"" (7.50mm)","0.630"" Dia (16.00mm)","1.457"" (37.00mm)",-,Through Hole,"Radial, Can"
https://www.nichicon.co.jp/english/series_items/catalog_pdf/e-uka.pdf,//mm.digikey.com/Volume0/opasdata/d220001/medias/images/526/UKA0J153MHD.JPG,493-4596-ND,UKA0J153MHD,Nichicon,Nichicon,CAP ALUM 15000UF 20% 6.3V RADIAL,0,1.8432,0,300,Bulk,UKA,Not For New Designs,15000 µF,±20%,6.3 V,-,2000 Hrs @ 105°C,-55°C ~ 105°C,Polar,AEC-Q200,Audio,2.01 A @ 120 Hz,2.3115 A @ 10 kHz,0.8,2,"0.295"" (7.50mm)","0.630"" Dia (16.00mm)","1.457"" (37.00mm)",-,Through Hole,"Radial, Can"
https://www.nichicon.co.jp/english/series_items/catalog_pdf/e-uka.pdf,//mm.digikey.com/Volume0/opasdata/d220001/medias/images/526/UKA1H332MHD.JPG,493-4614-ND,UKA1H332MHD,Nichicon,Nichicon,CAP ALUM 3300UF 20% 50V RADIAL,322,4.6,0,1,Bulk,UKA,Not For New Designs,3300 µF,±20%,50 V,-,2000 Hrs @ 105°C,-55°C ~ 105°C,Polar,AEC-Q200,Audio,1.77 A @ 120 Hz,2.0355 A @ 10 kHz,0.8,2,"0.295"" (7.50mm)","0.709"" Dia (18.00mm)","1.457"" (37.00mm)",-,Through Hole,"Radial, Can"
https://www.nichicon.co.jp/english/series_items/catalog_pdf/e-uka.pdf,//mm.digikey.com/Volume0/opasdata/d220001/medias/images/399/UKA1E682MHD.jpg,493-4611-ND,UKA1E682MHD,Nichicon,Nichicon,CAP ALUM 6800UF 20% 25V RADIAL,228,4.46,0,1,Bulk,UKA,Not For New Designs,6800 µF,±20%,25 V,-,2000 Hrs @ 105°C,-55°C ~ 105°C,Polar,AEC-Q200,Audio,2.04 A @ 120 Hz,2.346 A @ 10 kHz,0.8,2,"0.295"" (7.50mm)","0.709"" Dia (18.00mm)","1.457"" (37.00mm)",-,Through Hole,"Radial, Can"
https://www.nichicon.co.jp/english/series_items/catalog_pdf/e-uka.pdf,//mm.digikey.com/Volume0/opasdata/d220001/medias/images/399/UKA0J223MHD.jpg,493-4597-ND,UKA0J223MHD,Nichicon,Nichicon,CAP ALUM 22000UF 20% 6.3V RADIAL,26,4,0,1,Bulk,UKA,Not For New Designs,22000 µF,±20%,6.3 V,-,2000 Hrs @ 105°C,-55°C ~ 105°C,Polar,AEC-Q200,Audio,2.35 A @ 120 Hz,2.7025 A @ 10 kHz,0.8,2,"0.295"" (7.50mm)","0.709"" Dia (18.00mm)","1.634"" (41.50mm)",-,Through Hole,"Radial, Can"
https://www.nichicon.co.jp/english/series_items/catalog_pdf/e-uka.pdf,//mm.digikey.com/Volume0/opasdata/d220001/medias/images/526/UKA1A153MHD.JPG,493-4600-ND,UKA1A153MHD,Nichicon,Nichicon,CAP ALUM 15000UF 20% 10V RADIAL,24,2.84,0,1,Bulk,UKA,Not For New Designs,15000 µF,±20%,10 V,-,2000 Hrs @ 105°C,-55°C ~ 105°C,Polar,AEC-Q200,Audio,2.4 A @ 120 Hz,2.76 A @ 10 kHz,0.8,2,"0.295"" (7.50mm)","0.709"" Dia (18.00mm)","1.634"" (41.50mm)",-,Through Hole,"Radial, Can"
https://www.nichicon.co.jp/english/series_items/catalog_pdf/e-uka.pdf,//mm.digikey.com/Volume0/opasdata/d220001/medias/images/526/UKA1C103MHD.JPG,493-4604-ND,UKA1C103MHD,Nichicon,Nichicon,CAP ALUM 10000UF 20% 16V RADIAL,0,3.14,0,1,Bulk,UKA,Not For New Designs,10000 µF,±20%,16 V,-,2000 Hrs @ 105°C,-55°C ~ 105°C,Polar,AEC-Q200,Audio,2.06 A @ 120 Hz,2.369 A @ 10 kHz,0.8,2,"0.295"" (7.50mm)","0.709"" Dia (18.00mm)","1.457"" (37.00mm)",-,Through Hole,"Radial, Can"
https://www.nichicon.co.jp/english/series_items/catalog_pdf/e-uka.pdf,//mm.digikey.com/Volume0/opasdata/d220001/medias/images/530/UKA1V472MHD.JPG,493-4617-ND,UKA1V472MHD,Nichicon,Nichicon,CAP ALUM 4700UF 20% 35V RADIAL,0,4.51,0,1,Bulk,UKA,Not For New Designs,4700 µF,±20%,35 V,-,2000 Hrs @ 105°C,-55°C ~ 105°C,Polar,AEC-Q200,Audio,1.91 A @ 120 Hz,2.1965 A @ 10 kHz,0.8,2,"0.295"" (7.50mm)","0.709"" Dia (18.00mm)","1.457"" (37.00mm)",-,Through Hole,"Radial, Can"
